time,mois_1,temp_1,mois_2,temp_2,mois_3,temp_3,mois_5,temp_5
7/12/17 14:00,0.103,29.6,0.154,28,0.135,28.7,0.172,25.6
7/12/17 15:00,0.105,30.4,0.155,28.9,0.136,29.9,0.172,26.5
7/12/17 16:00,0.106,31.1,0.155,29.7,0.137,30.9,0.173,27.4
7/12/17 17:00,0.106,31.2,0.156,29.9,0.138,31.2,0.173,27.9
7/12/17 18:00,0.105,30.7,0.155,29.6,0.137,30.8,0.173,28
7/12/17 19:00,0.104,29.8,0.154,28.8,0.136,30,0.172,27.8
7/12/17 20:00,0.102,27.9,0.153,27.5,0.135,28.4,0.172,27.1
7/12/17 21:00,0.1,25.6,0.151,25.5,0.133,25.8,0.17,25.2
7/12/17 22:00,0.098,23.6,0.149,23.6,0.133,23.5,0.168,23.2
7/12/17 23:00,0.097,21.8,0.148,22,0.132,21.7,0.168,21.6
7/13/17 0:00,0.097,20.4,0.148,20.7,0.131,20.2,0.167,20.3
7/13/17 1:00,0.096,19.2,0.148,19.6,0.131,18.9,0.166,19.1
7/13/17 2:00,0.096,18.2,0.147,18.5,0.13,17.8,0.165,18
7/13/17 3:00,0.095,17.2,0.147,17.6,0.129,16.8,0.164,17
7/13/17 4:00,0.094,16.3,0.147,16.8,0.129,15.9,0.163,16.1
7/13/17 5:00,0.094,15.5,0.146,16,0.129,15,0.163,15.3
7/13/17 6:00,0.093,14.7,0.145,15.3,0.128,14.2,0.162,14.5
7/13/17 7:00,0.093,14,0.145,14.6,0.128,13.5,0.161,13.8
7/13/17 8:00,0.093,14,0.145,14.4,0.128,13.4,0.161,14.1
7/13/17 9:00,0.094,15.5,0.146,15.2,0.128,14.7,0.162,15.6
7/13/17 10:00,0.096,18.2,0.149,17.5,0.129,17.3,0.163,17.6
7/13/17 11:00,0.099,21.2,0.151,20.4,0.131,20.4,0.165,19.9
7/13/17 12:00,0.102,24.2,0.152,23.2,0.133,23.6,0.167,22.1
7/13/17 13:00,0.105,26.8,0.153,25.7,0.135,26.5,0.169,24.2
7/13/17 14:00,0.107,29.1,0.155,27.8,0.137,28.9,0.17,26
7/13/17 15:00,0.107,30.5,0.156,29.2,0.138,30.4,0.171,27.2
7/13/17 16:00,0.107,31.3,0.156,30,0.139,31.3,0.172,28.1
7/13/17 17:00,0.107,31.6,0.156,30.3,0.139,31.6,0.172,28.7
7/13/17 18:00,0.106,31.2,0.156,30,0.138,31.3,0.172,28.8
7/13/17 19:00,0.105,30.2,0.155,29.2,0.137,30.4,0.172,28.3
7/13/17 20:00,0.103,28.1,0.154,27.5,0.135,28.4,0.17,26.9
7/13/17 21:00,0.101,26,0.151,25.6,0.133,26.2,0.168,25.2
7/13/17 22:00,0.099,24.3,0.15,24.1,0.132,24.4,0.167,23.7
7/13/17 23:00,0.097,22.7,0.148,22.6,0.131,22.7,0.166,22.3
7/14/17 0:00,0.097,21.4,0.148,21.5,0.131,21.4,0.166,21.1
7/14/17 1:00,0.096,20.4,0.148,20.5,0.13,20.3,0.165,20
7/14/17 2:00,0.096,19.3,0.148,19.5,0.129,19.2,0.164,19
7/14/17 3:00,0.095,18.4,0.147,18.6,0.129,18.2,0.164,18.1
7/14/17 4:00,0.095,17.5,0.147,17.8,0.129,17.3,0.163,17.2
7/14/17 5:00,0.094,16.7,0.147,17,0.128,16.5,0.163,16.4
7/14/17 6:00,0.094,15.9,0.147,16.3,0.128,15.7,0.162,15.7
7/14/17 7:00,0.094,15.3,0.146,15.7,0.128,15.1,0.161,15
7/14/17 8:00,0.094,15.2,0.144,15.4,0.128,14.9,0.161,15.3
7/14/17 9:00,0.094,16.5,0.145,16.3,0.128,16,0.162,16.6
7/14/17 10:00,0.096,18.8,0.147,18.1,0.129,18,0.163,18.2
7/14/17 11:00,0.098,20.8,0.148,20,0.13,20.1,0.164,19.6
7/14/17 12:00,0.101,23.3,0.15,22.3,0.132,22.6,0.163,21.6
7/14/17 13:00,0.103,26.2,0.152,24.9,0.134,25.5,0.163,24
7/14/17 14:00,0.106,28.9,0.154,27.3,0.136,28.3,0.165,26.2
7/14/17 15:00,0.107,30.7,0.156,29.1,0.137,30.3,0.166,27.7
7/14/17 16:00,0.105,29.8,0.155,28.5,0.136,29.7,0.165,27
7/14/17 17:00,0.103,27.8,0.154,26.9,0.134,27.7,0.164,25.8
7/14/17 18:00,0.102,27.1,0.153,26.3,0.133,27,0.163,25.6
7/14/17 19:00,0.101,26.2,0.152,25.5,0.132,26.1,0.162,24.7
7/14/17 20:00,0.099,25.3,0.151,24.9,0.131,25.3,0.162,24.5
7/14/17 21:00,0.098,24.6,0.15,24.2,0.13,24.6,0.161,23.7
7/14/17 22:00,0.097,23.5,0.149,23.2,0.129,23.5,0.161,22.6
7/14/17 23:00,0.096,22.1,0.148,22,0.129,22.1,0.16,21.4
7/15/17 0:00,0.096,20.9,0.147,20.9,0.129,20.9,0.16,20.3
7/15/17 1:00,0.096,20.1,0.147,20.1,0.128,20,0.159,19.5
7/15/17 2:00,0.095,19.6,0.147,19.6,0.128,19.5,0.159,19
7/15/17 3:00,0.095,18.9,0.147,18.9,0.128,18.8,0.159,18.3
7/15/17 4:00,0.094,18.2,0.147,18.3,0.128,18.1,0.158,17.6
7/15/17 5:00,0.094,17.3,0.146,17.5,0.127,17.2,0.158,16.8
7/15/17 6:00,0.094,16.7,0.145,16.9,0.126,16.5,0.158,16.2
7/15/17 7:00,0.094,16.1,0.145,16.3,0.126,15.9,0.157,15.6
7/15/17 8:00,0.094,15.9,0.145,16.1,0.126,15.7,0.157,15.9
7/15/17 9:00,0.094,17.2,0.146,16.8,0.127,16.7,0.158,17.4
7/15/17 10:00,0.096,19.7,0.148,18.9,0.128,18.8,0.159,19.4
7/15/17 11:00,0.099,22.6,0.15,21.7,0.13,21.7,0.161,21.8
7/15/17 12:00,0.101,25.1,0.151,24.1,0.131,24.3,0.162,23.6
7/15/17 13:00,0.104,27.8,0.153,26.5,0.133,27.1,0.163,25.7
7/15/17 14:00,0.103,26.7,0.152,25.8,0.133,26.5,0.162,24.8
7/15/17 15:00,0.102,26.5,0.152,25.7,0.133,26.3,0.162,25.1
7/15/17 16:00,0.102,26.6,0.152,25.8,0.132,26.4,0.162,25.4
7/15/17 17:00,0.103,28.6,0.153,27.5,0.133,28.4,0.163,27.1
7/15/17 18:00,0.103,29.2,0.154,28,0.133,29.2,0.164,27.7
7/15/17 19:00,0.102,28.7,0.153,27.7,0.133,28.9,0.164,27.5
7/15/17 20:00,0.101,27.1,0.152,26.5,0.132,27.6,0.163,26.6
7/15/17 21:00,0.098,25.2,0.151,24.9,0.13,25.7,0.161,24.9
7/15/17 22:00,0.097,23.5,0.148,23.3,0.129,23.8,0.16,23.2
7/15/17 23:00,0.096,22.1,0.148,22,0.128,22.3,0.159,21.9
7/16/17 0:00,0.095,20.9,0.147,20.9,0.128,21.1,0.158,20.7
7/16/17 1:00,0.094,19.6,0.147,19.6,0.127,19.8,0.157,19.3
7/16/17 2:00,0.094,18.4,0.146,18.5,0.126,18.5,0.156,18.2
7/16/17 3:00,0.094,17.6,0.146,17.8,0.126,17.7,0.156,17.4
7/16/17 4:00,0.093,16.7,0.145,17,0.126,16.9,0.155,16.5
7/16/17 5:00,0.093,16.1,0.145,16.4,0.125,16.2,0.155,16
7/16/17 6:00,0.093,15.4,0.145,15.8,0.125,15.5,0.154,15.2
7/16/17 7:00,0.093,14.8,0.144,15.2,0.125,14.9,0.154,14.6
7/16/17 8:00,0.093,14.8,0.145,15,0.125,14.7,0.154,15.1
7/16/17 9:00,0.094,16.5,0.146,16,0.126,16,0.155,17
7/16/17 10:00,0.095,18.9,0.148,18.2,0.128,18.1,0.157,19.1
7/16/17 11:00,0.097,20.7,0.149,20,0.129,20.1,0.158,20.5
7/16/17 12:00,0.1,23.6,0.151,22.3,0.131,22.9,0.159,22.8
7/16/17 13:00,0.104,27,0.152,25.2,0.133,26.2,0.161,25.1
7/16/17 14:00,0.105,28.3,0.154,26.6,0.135,27.7,0.162,26.1
7/16/17 15:00,0.106,28.8,0.154,27.3,0.135,28.2,0.163,26.6
7/16/17 16:00,0.107,29.4,0.155,27.9,0.136,28.9,0.163,27.3
7/16/17 17:00,0.108,30.4,0.156,28.9,0.137,30,0.165,28.4
7/16/17 18:00,0.108,30.4,0.156,29.1,0.138,30.3,0.165,28.8
7/16/17 19:00,0.107,30,0.156,28.9,0.138,30.1,0.165,28.8
7/16/17 20:00,0.106,28.1,0.155,27.7,0.137,28.8,0.164,27.9
7/16/17 21:00,0.104,25.4,0.153,25.5,0.135,26,0.162,25.6
7/16/17 22:00,0.101,23.3,0.151,23.5,0.133,23.7,0.16,23.5
7/16/17 23:00,0.1,21.6,0.15,21.9,0.133,21.8,0.159,21.8
7/17/17 0:00,0.099,20.2,0.149,20.6,0.132,20.4,0.159,20.5
7/17/17 1:00,0.098,19,0.148,19.4,0.131,19.1,0.158,19.2
7/17/17 2:00,0.097,17.9,0.148,18.4,0.131,18,0.157,18.1
7/17/17 3:00,0.097,16.9,0.147,17.4,0.13,17,0.156,17
7/17/17 4:00,0.096,16.1,0.147,16.6,0.129,16.1,0.156,16.2
7/17/17 5:00,0.096,15.3,0.146,15.9,0.129,15.3,0.155,15.3
7/17/17 6:00,0.095,14.5,0.145,15.1,0.128,14.5,0.154,14.5
7/17/17 7:00,0.094,13.8,0.145,14.5,0.128,13.8,0.154,13.8
7/17/17 8:00,0.094,13.8,0.145,14.2,0.128,13.6,0.154,14.3
7/17/17 9:00,0.096,15.5,0.145,15.2,0.128,14.8,0.155,16.2
7/17/17 10:00,0.098,18.5,0.148,17.6,0.129,17.4,0.157,18.5
7/17/17 11:00,0.101,21.9,0.15,20.7,0.131,20.7,0.159,21.1
7/17/17 12:00,0.105,25,0.152,23.7,0.133,24,0.161,23.4
7/17/17 13:00,0.107,27.7,0.154,26.2,0.136,26.9,0.162,25.6
7/17/17 14:00,0.109,30,0.156,28.4,0.138,29.4,0.163,27.6
7/17/17 15:00,0.109,29.7,0.156,28.4,0.138,29.4,0.163,27.3
7/17/17 16:00,0.106,26.4,0.154,25.9,0.136,26.6,0.161,25.2
7/17/17 17:00,0.106,26.7,0.154,26.2,0.136,26.9,0.162,25.9
7/17/17 18:00,0.105,26.4,0.153,25.9,0.136,26.6,0.161,25.8
7/17/17 19:00,0.106,26.8,0.154,26.2,0.136,27.1,0.162,26.4
7/17/17 20:00,0.104,25.4,0.153,25.3,0.135,26.1,0.161,25.6
7/17/17 21:00,0.101,23.3,0.151,23.4,0.133,23.8,0.159,23.6
7/17/17 22:00,0.1,21.5,0.149,21.8,0.132,21.9,0.158,21.9
7/17/17 23:00,0.099,20.2,0.148,20.5,0.132,20.5,0.158,20.5
7/18/17 0:00,0.099,19.1,0.148,19.4,0.131,19.3,0.157,19.3
7/18/17 1:00,0.097,18.2,0.148,18.5,0.13,18.3,0.156,18.4
7/18/17 2:00,0.097,17.4,0.147,17.7,0.13,17.5,0.156,17.5
7/18/17 3:00,0.097,16.6,0.147,17,0.129,16.7,0.155,16.7
7/18/17 4:00,0.096,15.8,0.147,16.3,0.129,15.9,0.155,15.8
7/18/17 5:00,0.095,15,0.146,15.5,0.129,15.1,0.154,15
7/18/17 6:00,0.094,14.3,0.144,14.8,0.128,14.3,0.154,14.2
7/18/17 7:00,0.094,13.6,0.144,14.2,0.128,13.6,0.153,13.6
7/18/17 8:00,0.094,13.6,0.144,14,0.128,13.4,0.153,14.1
7/18/17 9:00,0.095,15.2,0.144,14.9,0.128,14.6,0.154,15.9
7/18/17 10:00,0.098,18.1,0.147,17.2,0.129,17.1,0.156,18.2
7/18/17 11:00,0.101,21.4,0.149,20.3,0.131,20.3,0.158,20.8
7/18/17 12:00,0.105,24.7,0.151,23.4,0.133,23.7,0.159,23.3
7/18/17 13:00,0.107,27.4,0.154,26,0.136,26.7,0.161,25.4
7/18/17 14:00,0.108,29,0.155,27.5,0.137,28.4,0.162,26.7
7/18/17 15:00,0.109,30.5,0.156,29,0.138,30.1,0.163,28.2
7/18/17 16:00,0.109,31.3,0.157,29.9,0.139,31.1,0.164,29.1
7/18/17 17:00,0.108,30.8,0.156,29.5,0.138,30.8,0.163,28.7
7/18/17 18:00,0.106,29.3,0.155,28.4,0.136,29.5,0.163,28.1
7/18/17 19:00,0.106,29.4,0.155,28.5,0.136,29.7,0.163,28.6
7/18/17 20:00,0.104,28.2,0.154,27.8,0.135,29,0.162,28.1
7/18/17 21:00,0.102,26,0.152,25.8,0.133,26.6,0.16,26
7/18/17 22:00,0.1,24,0.15,24,0.131,24.5,0.159,24.1
7/18/17 23:00,0.099,22.4,0.148,22.5,0.13,22.7,0.158,22.4
7/19/17 0:00,0.097,21.1,0.148,21.3,0.129,21.3,0.158,21.1
7/19/17 1:00,0.097,20.2,0.148,20.4,0.129,20.3,0.157,20.2
7/19/17 2:00,0.096,19.2,0.147,19.4,0.129,19.3,0.156,19.1
7/19/17 3:00,0.096,18.2,0.147,18.5,0.128,18.3,0.156,18.1
7/19/17 4:00,0.095,17.3,0.146,17.7,0.127,17.4,0.155,17.2
7/19/17 5:00,0.094,16.5,0.145,16.9,0.127,16.5,0.155,16.4
7/19/17 6:00,0.094,15.8,0.145,16.3,0.126,15.8,0.154,15.7
7/19/17 7:00,0.094,15.5,0.145,15.8,0.126,15.4,0.154,15.3
7/19/17 8:00,0.094,15.4,0.145,15.7,0.126,15.4,0.154,15.2
7/19/17 9:00,0.094,16,0.145,16,0.126,15.7,0.154,16
7/19/17 10:00,0.096,18.2,0.147,17.7,0.128,17.6,0.155,18.2
7/19/17 11:00,0.099,21.5,0.149,20.7,0.129,20.7,0.157,20.9
7/19/17 12:00,0.102,24.8,0.151,23.7,0.132,24,0.159,23.5
7/19/17 13:00,0.105,27.6,0.153,26.3,0.134,27,0.161,25.6
7/19/17 14:00,0.107,29.9,0.155,28.4,0.136,29.4,0.162,27.4
7/19/17 15:00,0.107,31.4,0.156,29.8,0.136,31,0.163,28.8
7/19/17 16:00,0.107,32.4,0.156,30.8,0.137,32.2,0.163,29.9
7/19/17 17:00,0.107,32.6,0.156,31.1,0.136,32.6,0.164,30.4
7/19/17 18:00,0.106,32.2,0.156,30.8,0.135,32.4,0.163,30.4
7/19/17 19:00,0.104,31.1,0.155,30,0.133,31.6,0.163,29.9
7/19/17 20:00,0.101,29.1,0.153,28.6,0.132,30,0.162,28.9
7/19/17 21:00,0.099,26.7,0.151,26.5,0.129,27.5,0.16,26.7
7/19/17 22:00,0.097,24.5,0.149,24.5,0.128,25.1,0.159,24.6
7/19/17 23:00,0.096,22.8,0.148,22.9,0.127,23.1,0.158,22.8
7/20/17 0:00,0.095,21.3,0.147,21.5,0.126,21.5,0.157,21.3
7/20/17 1:00,0.094,20.1,0.147,20.4,0.125,20.2,0.157,20
7/20/17 2:00,0.094,19,0.146,19.3,0.125,19.1,0.156,18.9
7/20/17 3:00,0.094,18,0.145,18.4,0.125,18.1,0.155,17.9
7/20/17 4:00,0.093,17.1,0.145,17.5,0.124,17.2,0.154,17
7/20/17 5:00,0.093,16.3,0.145,16.8,0.124,16.3,0.154,16.1
7/20/17 6:00,0.093,15.6,0.144,16,0.123,15.5,0.153,15.3
7/20/17 7:00,0.092,15.1,0.144,15.5,0.123,15,0.152,14.8
7/20/17 8:00,0.092,15.1,0.144,15.5,0.124,15,0.152,15.1
7/20/17 9:00,0.093,16.4,0.145,16.3,0.125,16,0.153,16.5
7/20/17 10:00,0.095,19.1,0.146,18.5,0.126,18.4,0.154,19
7/20/17 11:00,0.098,22.4,0.148,21.5,0.128,21.6,0.157,21.7
7/20/17 12:00,0.1,24.5,0.149,23.5,0.129,23.9,0.158,23.3
7/20/17 13:00,0.102,26.5,0.151,25.3,0.131,25.9,0.159,24.9
7/20/17 14:00,0.104,28.7,0.153,27.1,0.132,28.2,0.16,26.6
7/20/17 15:00,0.101,25.6,0.151,24.8,0.13,25.7,0.157,23.9
7/20/17 16:00,0.098,22.9,0.148,22.6,0.128,23,0.156,22.2
7/20/17 17:00,0.097,22.5,0.148,22.2,0.128,22.4,0.156,22.3
7/20/17 18:00,0.097,23.5,0.148,23,0.128,23.5,0.156,23.3
7/20/17 19:00,0.098,23.6,0.148,23.1,0.128,24,0.157,23.6
7/20/17 20:00,0.097,22.4,0.148,22.5,0.128,23.3,0.156,23.1
7/20/17 21:00,0.096,20.8,0.147,21,0.127,21.4,0.155,21.4
7/20/17 22:00,0.095,19.3,0.145,19.6,0.126,19.8,0.154,19.7
7/20/17 23:00,0.094,18.1,0.145,18.4,0.126,18.5,0.154,18.4
7/21/17 0:00,0.094,17.2,0.145,17.5,0.125,17.5,0.153,17.4
7/21/17 1:00,0.094,16.4,0.144,16.7,0.125,16.6,0.153,16.5
7/21/17 2:00,0.093,15.7,0.144,16,0.125,15.8,0.152,15.6
7/21/17 3:00,0.093,14.9,0.143,15.3,0.124,15,0.151,14.8
7/21/17 4:00,0.092,14.2,0.142,14.6,0.124,14.3,0.15,14
7/21/17 5:00,0.092,13.5,0.142,14,0.124,13.6,0.15,13.4
7/21/17 6:00,0.092,13.5,0.142,13.9,0.124,13.5,0.15,13.4
7/21/17 7:00,0.092,13.6,0.142,14,0.124,13.5,0.15,13.4
7/21/17 8:00,0.092,13.6,0.142,13.9,0.125,13.5,0.15,13.5
7/21/17 9:00,0.093,14.5,0.142,14.3,0.125,14.1,0.151,14.9
7/21/17 10:00,0.095,16.9,0.144,16.2,0.125,16.2,0.152,17.2
7/21/17 11:00,0.098,20.4,0.147,19.2,0.128,19.4,0.155,20
7/21/17 12:00,0.101,24,0.149,22.5,0.13,23,0.157,22.6
7/21/17 13:00,0.105,27,0.151,25.3,0.133,26,0.159,24.7
7/21/17 14:00,0.107,29.2,0.154,27.4,0.135,28.5,0.16,26.5
7/21/17 15:00,0.108,30.7,0.155,29,0.136,30.2,0.161,27.9
7/21/17 16:00,0.109,31.3,0.156,29.8,0.137,31,0.162,28.7
7/21/17 17:00,0.109,31.4,0.156,30,0.137,31.3,0.163,29.2
7/21/17 18:00,0.107,30.9,0.156,29.7,0.137,31,0.162,29.1
7/21/17 19:00,0.106,29.6,0.155,28.8,0.136,30,0.161,28.6
7/21/17 20:00,0.103,27.4,0.153,27.2,0.134,28.3,0.16,27.5
7/21/17 21:00,0.101,25,0.151,25.1,0.132,25.7,0.159,25.3
7/21/17 22:00,0.099,22.9,0.149,23.1,0.13,23.4,0.157,23.1
7/21/17 23:00,0.098,21.1,0.148,21.4,0.129,21.5,0.156,21.3
7/22/17 0:00,0.097,19.7,0.147,20.1,0.129,19.9,0.156,19.8
7/22/17 1:00,0.096,18.4,0.146,18.8,0.128,18.6,0.154,18.5
7/22/17 2:00,0.095,17.3,0.145,17.8,0.127,17.4,0.154,17.3
7/22/17 3:00,0.094,16.3,0.145,16.8,0.126,16.4,0.153,16.3
7/22/17 4:00,0.094,15.4,0.145,16,0.126,15.4,0.152,15.4
7/22/17 5:00,0.093,14.6,0.144,15.2,0.126,14.6,0.151,14.5
7/22/17 6:00,0.093,13.8,0.144,14.4,0.125,13.8,0.151,13.7
7/22/17 7:00,0.092,13.1,0.143,13.7,0.125,13,0.15,13
7/22/17 8:00,0.092,12.9,0.143,13.4,0.125,12.7,0.15,13.4
7/22/17 9:00,0.093,14.5,0.143,14.2,0.125,13.9,0.151,15.2
7/22/17 10:00,0.095,17.3,0.145,16.5,0.127,16.4,0.152,17.5
7/22/17 11:00,0.098,20.7,0.148,19.6,0.129,19.6,0.154,20
7/22/17 12:00,0.102,24,0.149,22.6,0.131,22.9,0.156,22.4
7/22/17 13:00,0.104,27,0.151,25.4,0.133,26.1,0.158,24.7
7/22/17 14:00,0.106,29,0.153,27.4,0.135,28.3,0.159,26.4
7/22/17 15:00,0.107,30.5,0.155,28.9,0.136,30,0.161,27.9
7/22/17 16:00,0.107,31.4,0.155,29.7,0.136,31,0.161,28.8
7/22/17 17:00,0.106,31.7,0.155,30.2,0.136,31.6,0.161,29.4
7/22/17 18:00,0.105,31.4,0.155,29.9,0.135,31.5,0.161,29.5
7/22/17 19:00,0.103,30.3,0.154,29.2,0.133,30.8,0.161,29.1
7/22/17 20:00,0.101,28.2,0.152,27.8,0.131,29.2,0.16,28.1
7/22/17 21:00,0.098,25.7,0.15,25.6,0.128,26.5,0.158,25.8
7/22/17 22:00,0.096,23.6,0.148,23.6,0.127,24.1,0.157,23.7
7/22/17 23:00,0.095,21.8,0.147,22,0.126,22.2,0.156,21.9
7/23/17 0:00,0.094,20.4,0.146,20.7,0.125,20.7,0.155,20.5
7/23/17 1:00,0.094,19.2,0.145,19.5,0.125,19.4,0.154,19.2
7/23/17 2:00,0.094,18.1,0.145,18.5,0.124,18.2,0.154,18.1
7/23/17 3:00,0.093,17.2,0.144,17.6,0.124,17.2,0.153,17.1
7/23/17 4:00,0.093,16.3,0.144,16.7,0.123,16.3,0.152,16.1
7/23/17 5:00,0.092,15.4,0.142,15.9,0.123,15.4,0.151,15.3
7/23/17 6:00,0.092,14.7,0.142,15.2,0.123,14.7,0.151,14.5
7/23/17 7:00,0.092,14,0.142,14.6,0.123,13.9,0.15,13.7
7/23/17 8:00,0.091,13.8,0.142,14.2,0.122,13.6,0.15,14.1
7/23/17 9:00,0.092,15.2,0.142,15,0.123,14.7,0.151,15.8
7/23/17 10:00,0.094,18,0.144,17.2,0.124,17.1,0.152,18.1
7/23/17 11:00,0.097,21.1,0.146,20,0.126,20.1,0.154,20.4
7/23/17 12:00,0.099,23,0.147,22,0.128,22.4,0.155,22
7/23/17 13:00,0.1,24.2,0.148,23.1,0.129,23.7,0.156,22.9
7/23/17 14:00,0.1,24.7,0.148,23.8,0.129,24.4,0.156,23.6
7/23/17 15:00,0.101,25.6,0.149,24.7,0.13,25.4,0.157,24.6
7/23/17 16:00,0.103,28.4,0.151,27,0.132,28.2,0.159,26.8
7/23/17 17:00,0.103,28.8,0.152,27.5,0.132,28.8,0.159,27.2
7/23/17 18:00,0.102,28.8,0.152,27.6,0.131,29.1,0.159,27.6
7/23/17 19:00,0.1,28.2,0.151,27.2,0.13,28.7,0.158,27.4
7/23/17 20:00,0.099,26.8,0.15,26.4,0.128,27.7,0.158,26.9
7/23/17 21:00,0.097,24.8,0.148,24.6,0.126,25.6,0.156,25
7/23/17 22:00,0.095,22.9,0.146,22.8,0.125,23.3,0.155,22.9
7/23/17 23:00,0.094,21.3,0.145,21.4,0.124,21.6,0.154,21.3
7/24/17 0:00,0.093,20,0.145,20.2,0.123,20.2,0.154,20
7/24/17 1:00,0.093,18.8,0.144,19.1,0.123,18.9,0.153,18.8
7/24/17 2:00,0.093,17.8,0.144,18.1,0.123,17.9,0.152,17.8
7/24/17 3:00,0.092,16.9,0.143,17.3,0.122,17,0.151,16.9
7/24/17 4:00,0.092,16.1,0.142,16.5,0.122,16.1,0.151,16
7/24/17 5:00,0.091,15.3,0.142,15.8,0.121,15.3,0.15,15.2
7/24/17 6:00,0.09,14.6,0.142,15.1,0.121,14.5,0.149,14.4
7/24/17 7:00,0.09,13.9,0.141,14.4,0.121,13.8,0.149,13.7
7/24/17 8:00,0.09,13.8,0.141,14.2,0.121,13.6,0.148,14.1
7/24/17 9:00,0.091,15.1,0.142,15,0.122,14.7,0.149,15.6
7/24/17 10:00,0.093,17.5,0.143,16.9,0.123,16.8,0.151,17.6
7/24/17 11:00,0.095,20.6,0.146,19.7,0.125,19.7,0.152,20.1
7/24/17 12:00,0.099,24.1,0.148,22.9,0.127,23.2,0.154,22.8
7/24/17 13:00,0.101,26.8,0.15,25.4,0.129,26.2,0.156,24.8
7/24/17 14:00,0.103,28.9,0.151,27.3,0.131,28.4,0.158,26.5
7/24/17 15:00,0.104,30.8,0.153,29.1,0.132,30.4,0.159,28.2
7/24/17 16:00,0.105,32,0.154,30.2,0.133,31.7,0.159,29.4
7/24/17 17:00,0.103,32.3,0.154,30.5,0.132,32.3,0.16,29.9
7/24/17 18:00,0.101,31.4,0.153,29.9,0.13,31.6,0.159,29.5
7/24/17 19:00,0.099,29.9,0.151,28.7,0.128,30.3,0.158,28.7
7/24/17 20:00,0.097,27.7,0.15,27.1,0.125,28.5,0.157,27.3
7/24/17 21:00,0.095,25.4,0.148,25.1,0.124,26,0.155,25.2
7/24/17 22:00,0.094,23.4,0.145,23.4,0.122,23.8,0.154,23.3
7/24/17 23:00,0.093,21.9,0.145,22,0.122,22.2,0.154,21.9
7/25/17 0:00,0.093,20.9,0.144,21,0.122,21,0.153,20.8
7/25/17 1:00,0.092,19.9,0.144,20.1,0.121,20,0.152,19.8
7/25/17 2:00,0.092,19,0.144,19.2,0.121,19,0.152,18.8
7/25/17 3:00,0.092,18,0.143,18.3,0.121,18.1,0.151,17.9
7/25/17 4:00,0.092,17.3,0.142,17.6,0.121,17.3,0.15,17.2
7/25/17 5:00,0.091,16.6,0.142,17,0.121,16.6,0.15,16.4
7/25/17 6:00,0.091,16,0.142,16.4,0.121,16,0.149,15.8
7/25/17 7:00,0.091,15.8,0.142,16.1,0.121,15.6,0.149,15.5
7/25/17 8:00,0.091,15.8,0.142,16.1,0.121,15.7,0.149,15.6
7/25/17 9:00,0.091,16.3,0.142,16.5,0.121,16.2,0.149,16
7/25/17 10:00,0.092,17,0.142,17,0.122,16.9,0.149,16.7
7/25/17 11:00,0.093,18.3,0.143,18.1,0.123,18,0.15,17.9
7/25/17 12:00,0.094,19.8,0.145,19.3,0.124,19.4,0.151,19.2
7/25/17 13:00,0.095,21.6,0.145,20.9,0.125,21.2,0.152,20.8
7/25/17 14:00,0.096,22,0.145,21.4,0.125,21.8,0.152,21.1
7/25/17 15:00,0.096,21.9,0.145,21.4,0.125,21.8,0.153,21.3
7/25/17 16:00,0.096,21.5,0.145,21.2,0.125,21.5,0.152,21.2
7/25/17 17:00,0.096,21.8,0.145,21.5,0.125,21.8,0.153,21.5
7/25/17 18:00,0.096,22.4,0.145,21.9,0.125,22.3,0.153,22
7/25/17 19:00,0.096,22.8,0.146,22.3,0.125,22.8,0.154,22.5
7/25/17 20:00,0.096,22.3,0.145,22,0.125,22.5,0.153,22
7/25/17 21:00,0.094,20.9,0.145,20.8,0.124,21.1,0.152,20.7
7/25/17 22:00,0.094,19.4,0.143,19.4,0.124,19.6,0.151,19.2
7/25/17 23:00,0.093,18.2,0.142,18.3,0.123,18.3,0.15,18.1
7/26/17 0:00,0.093,17.3,0.142,17.5,0.123,17.4,0.15,17.2
7/26/17 1:00,0.092,16.7,0.142,17,0.123,16.8,0.15,16.6
7/26/17 2:00,0.092,15.9,0.142,16.2,0.123,16,0.149,15.8
7/26/17 3:00,0.092,15.2,0.141,15.6,0.122,15.3,0.148,15
7/26/17 4:00,0.09,14.5,0.141,14.9,0.122,14.6,0.148,14.3
7/26/17 5:00,0.09,14.1,0.141,14.5,0.121,14.1,0.148,13.9
7/26/17 6:00,0.09,13.6,0.14,14,0.121,13.6,0.148,13.4
7/26/17 7:00,0.09,13.5,0.141,13.9,0.121,13.5,0.147,13.4
7/26/17 8:00,0.09,13.8,0.141,14.1,0.122,13.7,0.147,13.6
7/26/17 9:00,0.091,14.7,0.141,14.8,0.123,14.5,0.148,14.4
7/26/17 10:00,0.092,15.9,0.142,15.8,0.123,15.6,0.148,15.6
7/26/17 11:00,0.094,17.9,0.143,17.5,0.124,17.4,0.149,17.5
7/26/17 12:00,0.095,20.1,0.145,19.4,0.125,19.6,0.151,19.4
7/26/17 13:00,0.097,21.5,0.145,20.8,0.127,21.1,0.152,20.6
7/26/17 14:00,0.097,21.3,0.145,20.9,0.127,21.2,0.152,20.7
7/26/17 15:00,0.098,22.2,0.146,21.7,0.128,22,0.153,21.8
7/26/17 16:00,0.099,23.2,0.147,22.5,0.128,23.2,0.154,22.4
7/26/17 17:00,0.098,22.7,0.147,22.2,0.128,22.7,0.153,22
7/26/17 18:00,0.097,21.9,0.146,21.6,0.127,21.9,0.152,21.4
7/26/17 19:00,0.097,22.2,0.146,21.8,0.127,22.1,0.153,21.9
7/26/17 20:00,0.097,21.9,0.146,21.6,0.127,22,0.153,21.7
7/26/17 21:00,0.096,20.8,0.145,20.7,0.126,21,0.152,20.6
7/26/17 22:00,0.096,19.8,0.144,19.7,0.126,19.9,0.151,19.6
7/26/17 23:00,0.095,18.9,0.144,18.9,0.125,19.1,0.15,18.9
7/27/17 0:00,0.095,17.3,0.144,17.5,0.125,17.6,0.148,17.3
7/27/17 1:00,0.095,16.2,0.144,16.5,0.125,16.3,0.148,16.3
7/27/17 2:00,0.095,15.6,0.144,16,0.125,15.6,0.147,15.7
7/27/17 3:00,0.095,15,0.143,15.4,0.125,15,0.147,15.1
7/27/17 4:00,0.094,14,0.142,14.5,0.125,14,0.146,14
7/27/17 5:00,0.094,13.3,0.142,13.8,0.125,13.2,0.146,13.3
7/27/17 6:00,0.094,13.2,0.142,13.7,0.126,13.1,0.146,13.3
7/27/17 7:00,0.094,13.1,0.142,13.5,0.126,13,0.146,13.1
7/27/17 8:00,0.095,13.3,0.142,13.6,0.127,13.1,0.146,13.2
7/27/17 9:00,0.096,14.3,0.142,14.3,0.128,14.1,0.147,14.2
7/27/17 10:00,0.098,16.4,0.144,15.9,0.13,16.1,0.148,16.4
7/27/17 11:00,0.101,19.3,0.146,18.3,0.132,18.9,0.151,19
7/27/17 12:00,0.103,21.4,0.148,20.5,0.134,21.2,0.153,20.8
7/27/17 13:00,0.103,21.3,0.148,20.7,0.135,21.2,0.153,20.8
7/27/17 14:00,0.103,22,0.148,21.3,0.135,22,0.154,21.5
7/27/17 15:00,0.104,22.8,0.148,22,0.136,23.2,0.154,22.1
7/27/17 16:00,0.106,24.3,0.15,23.3,0.138,25.4,0.156,23.1
7/27/17 17:00,0.106,24.8,0.15,23.9,0.138,26.1,0.156,23.9
7/27/17 18:00,0.106,23.8,0.15,23.2,0.137,24.8,0.156,23.2
7/27/17 19:00,0.104,22.4,0.149,22.1,0.136,23.3,0.155,22.5
7/27/17 20:00,0.103,21.5,0.149,21.5,0.136,22.6,0.154,22.1
7/27/17 21:00,0.102,19.3,0.148,19.5,0.134,19.7,0.153,19.8
7/27/17 22:00,0.101,17.4,0.146,17.8,0.133,17.6,0.151,18
7/27/17 23:00,0.1,15.9,0.145,16.4,0.132,16,0.151,16.4
7/28/17 0:00,0.099,14.8,0.145,15.4,0.132,14.9,0.15,15.3
7/28/17 1:00,0.098,13.9,0.144,14.5,0.131,13.9,0.149,14.3
7/28/17 2:00,0.097,13.1,0.144,13.7,0.131,13.1,0.148,13.4
7/28/17 3:00,0.097,12.4,0.143,13.1,0.131,12.4,0.148,12.7
7/28/17 4:00,0.096,11.8,0.142,12.4,0.131,11.7,0.147,12
7/28/17 5:00,0.096,11.2,0.142,11.9,0.13,11.1,0.146,11.3
7/28/17 6:00,0.096,10.7,0.142,11.4,0.13,10.6,0.146,10.8
7/28/17 7:00,0.096,10.5,0.142,11.1,0.13,10.3,0.145,10.6
7/28/17 8:00,0.096,11.1,0.142,11.5,0.13,10.9,0.146,11.1
7/28/17 9:00,0.096,12,0.142,12.2,0.131,11.9,0.146,12
7/28/17 10:00,0.098,13.9,0.143,13.7,0.132,13.6,0.148,13.8
7/28/17 11:00,0.101,17.2,0.146,16.4,0.134,16.9,0.15,16.9
7/28/17 12:00,0.104,20.5,0.148,19.3,0.136,20.3,0.153,19.6
7/28/17 13:00,0.107,23.4,0.15,21.9,0.138,23.7,0.155,21.9
7/28/17 14:00,0.11,26.5,0.152,24.7,0.141,27.1,0.157,24.2
7/28/17 15:00,0.113,29.1,0.155,27.3,0.143,29.6,0.159,26.5
7/28/17 16:00,0.115,31,0.156,29,0.144,31.5,0.161,28.4
7/28/17 17:00,0.114,29.9,0.156,28.5,0.144,30.4,0.161,27.8
7/28/17 18:00,0.111,27.4,0.154,26.6,0.141,27.7,0.159,26.2
7/28/17 19:00,0.11,25.7,0.153,25.2,0.14,26,0.158,25.1
7/28/17 20:00,0.108,24.1,0.152,23.8,0.138,24.4,0.157,24
7/28/17 21:00,0.106,22.1,0.15,22.1,0.137,22.4,0.155,22.3
7/28/17 22:00,0.105,20.4,0.148,20.5,0.136,20.5,0.154,20.5
7/28/17 23:00,0.104,18.9,0.148,19.2,0.135,18.9,0.154,19.2
7/29/17 0:00,0.103,17.7,0.147,18.1,0.134,17.7,0.153,18
7/29/17 1:00,0.102,16.7,0.147,17.1,0.133,16.7,0.152,17
7/29/17 2:00,0.101,15.8,0.146,16.3,0.133,15.8,0.151,16.1
7/29/17 3:00,0.1,15.1,0.145,15.5,0.132,15,0.151,15.3
7/29/17 4:00,0.099,14.3,0.145,14.8,0.131,14.2,0.15,14.4
7/29/17 5:00,0.099,13.5,0.144,14.1,0.131,13.3,0.149,13.6
7/29/17 6:00,0.098,12.8,0.143,13.4,0.13,12.7,0.148,13
7/29/17 7:00,0.097,12.3,0.143,12.9,0.129,12.2,0.148,12.5
7/29/17 8:00,0.097,12.3,0.142,12.8,0.129,12.1,0.148,13
7/29/17 9:00,0.098,14,0.142,13.6,0.13,13.5,0.149,14.9
7/29/17 10:00,0.101,17.1,0.145,16.1,0.131,16.4,0.151,17.5
7/29/17 11:00,0.104,20.9,0.147,19.4,0.133,20.1,0.153,20.2
7/29/17 12:00,0.108,24.7,0.15,22.8,0.136,24.1,0.156,22.9
7/29/17 13:00,0.11,27.2,0.152,25.3,0.139,26.9,0.157,24.6
7/29/17 14:00,0.109,25.9,0.151,24.5,0.138,25.6,0.156,23.7
7/29/17 15:00,0.111,27.6,0.153,25.9,0.139,27.3,0.158,25.4
7/29/17 16:00,0.113,30.1,0.154,28,0.141,29.9,0.159,27.4
7/29/17 17:00,0.112,28.9,0.154,27.4,0.141,29,0.159,26.5
7/29/17 18:00,0.109,26.4,0.152,25.4,0.139,26.5,0.157,25.1
7/29/17 19:00,0.109,26.7,0.153,25.7,0.139,27.1,0.157,25.8
7/29/17 20:00,0.107,25,0.151,24.7,0.138,25.7,0.156,25.1
7/29/17 21:00,0.105,22.8,0.149,22.7,0.136,23.2,0.155,23
7/29/17 22:00,0.104,20.9,0.148,21.1,0.135,21.1,0.154,21.2
7/29/17 23:00,0.103,19.8,0.147,20,0.134,19.9,0.153,20.1
7/30/17 0:00,0.102,18.7,0.147,19,0.133,18.8,0.152,18.9
7/30/17 1:00,0.101,17.5,0.146,17.9,0.133,17.5,0.151,17.7
7/30/17 2:00,0.1,16.5,0.145,16.9,0.132,16.4,0.151,16.7
7/30/17 3:00,0.099,15.6,0.145,16,0.131,15.5,0.15,15.7
7/30/17 4:00,0.099,14.7,0.144,15.2,0.13,14.6,0.149,14.9
7/30/17 5:00,0.098,14,0.144,14.5,0.129,13.8,0.148,14.1
7/30/17 6:00,0.097,13.2,0.143,13.8,0.129,13.1,0.148,13.3
7/30/17 7:00,0.096,12.6,0.142,13.2,0.129,12.5,0.148,12.7
7/30/17 8:00,0.096,12.5,0.142,13,0.128,12.3,0.148,13
7/30/17 9:00,0.097,13.9,0.143,13.7,0.129,13.4,0.148,14.9
7/30/17 10:00,0.099,16.9,0.145,16,0.13,16.1,0.15,17.3
7/30/17 11:00,0.102,20.6,0.147,19.3,0.132,19.8,0.152,19.9
7/30/17 12:00,0.106,24.2,0.149,22.6,0.135,23.5,0.154,22.5
7/30/17 13:00,0.109,27.3,0.151,25.5,0.137,26.8,0.156,24.7
7/30/17 14:00,0.111,29,0.153,27.3,0.139,28.7,0.157,25.8
7/30/17 15:00,0.108,26.6,0.151,25.6,0.138,26.4,0.156,24.6
7/30/17 16:00,0.11,29.2,0.154,27.7,0.139,29.1,0.158,27.1
7/30/17 17:00,0.11,29.2,0.154,27.8,0.14,29.2,0.158,26.9
7/30/17 18:00,0.108,27.3,0.152,26.4,0.138,27.2,0.156,25.8
7/30/17 19:00,0.107,26.2,0.151,25.5,0.137,26.3,0.156,25.2
7/30/17 20:00,0.105,25.1,0.15,24.7,0.136,25.4,0.155,24.8
7/30/17 21:00,0.103,23.2,0.148,23.1,0.135,23.4,0.153,23
7/30/17 22:00,0.102,21.4,0.147,21.4,0.133,21.5,0.152,21.2
7/30/17 23:00,0.101,19.9,0.146,20,0.133,19.8,0.151,19.7
7/31/17 0:00,0.1,18.6,0.145,18.8,0.132,18.5,0.151,18.5
7/31/17 1:00,0.099,17.5,0.145,17.8,0.131,17.4,0.15,17.4
7/31/17 2:00,0.098,16.5,0.144,16.8,0.13,16.4,0.149,16.4
7/31/17 3:00,0.097,15.6,0.144,16,0.129,15.4,0.148,15.5
7/31/17 4:00,0.096,14.8,0.143,15.2,0.129,14.6,0.148,14.7
7/31/17 5:00,0.096,14,0.142,14.5,0.128,13.8,0.147,13.9
7/31/17 6:00,0.095,13.3,0.142,13.9,0.128,13.1,0.147,13.2
7/31/17 7:00,0.094,12.7,0.141,13.3,0.127,12.5,0.146,12.6
7/31/17 8:00,0.094,12.6,0.141,13,0.127,12.3,0.146,12.9
7/31/17 9:00,0.095,13.9,0.141,13.7,0.127,13.4,0.147,14.7
7/31/17 10:00,0.097,16.8,0.142,15.9,0.129,16,0.148,17
7/31/17 11:00,0.101,20.2,0.145,19,0.131,19.3,0.151,19.5
7/31/17 12:00,0.104,23.6,0.147,22.2,0.133,22.9,0.152,22.1
7/31/17 13:00,0.107,26.8,0.15,25.2,0.136,26.3,0.154,24.4
7/31/17 14:00,0.109,29.5,0.152,27.8,0.138,29.2,0.156,26.4
7/31/17 15:00,0.11,30.5,0.154,29,0.139,30.5,0.157,27.5
7/31/17 16:00,0.109,30.4,0.154,29.1,0.139,30.4,0.157,27.9
7/31/17 17:00,0.107,28.9,0.153,27.9,0.138,28.9,0.156,27.2
7/31/17 18:00,0.107,29.6,0.153,28.4,0.138,29.7,0.157,28
7/31/17 19:00,0.107,29.1,0.153,28.2,0.137,29.4,0.156,28
7/31/17 20:00,0.104,27.2,0.151,26.9,0.136,27.8,0.155,27.1
7/31/17 21:00,0.102,25.1,0.149,25,0.134,25.5,0.154,25.1
7/31/17 22:00,0.1,23.3,0.147,23.2,0.132,23.5,0.152,23.2
7/31/17 23:00,0.099,21.7,0.146,21.8,0.131,21.8,0.152,21.7
8/1/17 0:00,0.098,20.5,0.145,20.6,0.13,20.5,0.151,20.5
8/1/17 1:00,0.097,19.3,0.145,19.5,0.13,19.3,0.15,19.2
8/1/17 2:00,0.097,18.2,0.144,18.5,0.129,18.2,0.15,18.1
8/1/17 3:00,0.096,17.3,0.143,17.6,0.128,17.2,0.149,17.2
8/1/17 4:00,0.095,16.4,0.142,16.7,0.128,16.3,0.148,16.2
8/1/17 5:00,0.094,15.5,0.142,15.9,0.127,15.4,0.148,15.4
8/1/17 6:00,0.094,14.7,0.142,15.2,0.126,14.6,0.147,14.6
8/1/17 7:00,0.093,14,0.141,14.5,0.126,13.9,0.146,13.9
8/1/17 8:00,0.093,13.8,0.141,14.2,0.126,13.6,0.146,14
8/1/17 9:00,0.094,15,0.141,14.9,0.126,14.6,0.147,15.7
8/1/17 10:00,0.095,17.5,0.142,16.9,0.127,16.9,0.148,17.7
8/1/17 11:00,0.098,20.5,0.145,19.6,0.129,19.7,0.15,20
8/1/17 12:00,0.101,23.4,0.146,22.3,0.131,22.8,0.151,22.2
8/1/17 13:00,0.104,26.4,0.149,25.1,0.133,25.9,0.153,24.4
8/1/17 14:00,0.106,28.7,0.151,27.2,0.135,28.3,0.154,26
8/1/17 15:00,0.107,30.4,0.153,28.8,0.136,30,0.156,27.3
8/1/17 16:00,0.107,31.1,0.153,29.6,0.137,30.9,0.156,28.4
8/1/17 17:00,0.106,31.2,0.153,29.9,0.136,31.2,0.156,28.9
8/1/17 18:00,0.104,29.7,0.151,28.6,0.135,29.7,0.155,27.9
8/1/17 19:00,0.102,28.5,0.15,27.7,0.133,28.6,0.154,27.3
8/1/17 20:00,0.1,26.7,0.148,26.2,0.131,27,0.153,25.9
8/1/17 21:00,0.098,24.8,0.147,24.5,0.129,25,0.152,24.2
8/1/17 22:00,0.097,23.2,0.145,23,0.128,23.3,0.151,22.8
8/1/17 23:00,0.096,21.7,0.144,21.7,0.127,21.8,0.15,21.3
8/2/17 0:00,0.095,20.4,0.144,20.5,0.127,20.4,0.15,20
8/2/17 1:00,0.094,19.1,0.143,19.3,0.126,19.1,0.149,18.8
8/2/17 2:00,0.094,18,0.142,18.3,0.125,18,0.148,17.8
8/2/17 3:00,0.093,17.1,0.142,17.4,0.125,17,0.148,16.8
8/2/17 4:00,0.093,16.2,0.141,16.6,0.124,16.2,0.147,15.9
8/2/17 5:00,0.092,15.4,0.141,15.8,0.124,15.4,0.146,15.1
8/2/17 6:00,0.092,14.7,0.14,15.2,0.123,14.6,0.145,14.4
8/2/17 7:00,0.092,14,0.139,14.5,0.123,13.9,0.145,13.7
8/2/17 8:00,0.091,13.7,0.139,14.2,0.123,13.6,0.145,13.8
8/2/17 9:00,0.092,14.8,0.139,14.7,0.123,14.4,0.145,15.3
8/2/17 10:00,0.094,17.2,0.141,16.5,0.125,16.4,0.146,17.4
8/2/17 11:00,0.096,20.3,0.143,19.3,0.126,19.5,0.148,19.9
8/2/17 12:00,0.099,23.7,0.145,22.3,0.129,22.8,0.15,22.2
8/2/17 13:00,0.101,26.5,0.148,24.9,0.131,25.8,0.151,24.2
8/2/17 14:00,0.104,28.9,0.15,27.1,0.133,28.2,0.153,25.6
8/2/17 15:00,0.105,30.2,0.151,28.5,0.133,29.7,0.154,26.8
8/2/17 16:00,0.105,31,0.151,29.2,0.133,30.7,0.154,27.9
8/2/17 17:00,0.103,31.2,0.151,29.5,0.133,31.2,0.154,28.4
8/2/17 18:00,0.102,30.6,0.151,29.2,0.132,30.8,0.154,28.3
8/2/17 19:00,0.1,29.4,0.15,28.4,0.13,29.9,0.153,27.7
8/2/17 20:00,0.097,27.2,0.148,26.7,0.128,28,0.152,26.6
8/2/17 21:00,0.095,24.9,0.146,24.7,0.125,25.5,0.151,24.6
8/2/17 22:00,0.094,22.9,0.144,22.9,0.124,23.2,0.15,22.6
8/2/17 23:00,0.093,21.3,0.143,21.4,0.123,21.5,0.149,21.2
8/3/17 0:00,0.093,20.2,0.142,20.4,0.123,20.4,0.148,20
8/3/17 1:00,0.092,19.1,0.142,19.3,0.122,19.2,0.148,18.9
8/3/17 2:00,0.092,18,0.141,18.3,0.122,18.1,0.147,17.9
8/3/17 3:00,0.092,17.1,0.141,17.5,0.121,17.2,0.146,16.9
8/3/17 4:00,0.092,16.3,0.14,16.7,0.121,16.3,0.145,16.1
8/3/17 5:00,0.09,15.6,0.139,16,0.121,15.5,0.145,15.4
8/3/17 6:00,0.09,14.9,0.139,15.4,0.121,14.9,0.144,14.6
8/3/17 7:00,0.09,14.2,0.139,14.7,0.121,14.2,0.144,14
8/3/17 8:00,0.09,13.9,0.138,14.4,0.121,13.8,0.143,14
8/3/17 9:00,0.09,14.8,0.139,14.8,0.121,14.5,0.144,15.3
8/3/17 10:00,0.092,17.1,0.14,16.5,0.122,16.4,0.145,17.4
8/3/17 11:00,0.094,20.1,0.142,19.3,0.124,19.3,0.147,19.8
8/3/17 12:00,0.096,23.2,0.144,22.1,0.126,22.4,0.148,22.1
8/3/17 13:00,0.099,25.9,0.146,24.6,0.129,25.4,0.15,24
8/3/17 14:00,0.101,28.2,0.148,26.8,0.13,27.9,0.151,25.5
8/3/17 15:00,0.102,30,0.15,28.4,0.131,29.8,0.152,26.9
8/3/17 16:00,0.102,30.7,0.15,29.1,0.131,30.6,0.153,27.8
8/3/17 17:00,0.101,31,0.15,29.4,0.13,31.1,0.153,28.3
8/3/17 18:00,0.1,30.6,0.149,29.1,0.129,30.9,0.152,28.3
8/3/17 19:00,0.098,29.3,0.148,28.2,0.127,29.8,0.152,27.7
8/3/17 20:00,0.095,27.2,0.146,26.8,0.124,28.1,0.151,26.7
8/3/17 21:00,0.094,25.1,0.145,24.8,0.122,25.7,0.149,24.8
8/3/17 22:00,0.093,23.1,0.143,23.1,0.121,23.6,0.148,23
8/3/17 23:00,0.092,21.6,0.142,21.7,0.121,21.8,0.148,21.5
8/4/17 0:00,0.092,20.3,0.142,20.5,0.12,20.5,0.147,20.2
8/4/17 1:00,0.091,19.1,0.141,19.4,0.12,19.2,0.146,19
8/4/17 2:00,0.09,18.1,0.141,18.5,0.12,18.2,0.146,18
8/4/17 3:00,0.09,17.2,0.14,17.6,0.119,17.2,0.145,17
8/4/17 4:00,0.09,16.4,0.139,16.8,0.119,16.4,0.144,16.2
8/4/17 5:00,0.089,15.6,0.139,16.1,0.119,15.6,0.144,15.4
8/4/17 6:00,0.089,14.9,0.138,15.4,0.118,14.8,0.143,14.7
8/4/17 7:00,0.089,14.2,0.138,14.7,0.118,14.1,0.143,14
8/4/17 8:00,0.089,13.9,0.138,14.4,0.118,13.7,0.142,14
8/4/17 9:00,0.089,14.7,0.138,14.7,0.119,14.4,0.143,15.3
8/4/17 10:00,0.091,17,0.139,16.4,0.12,16.3,0.144,17.3
8/4/17 11:00,0.093,20,0.142,19.1,0.122,19.2,0.146,19.7
8/4/17 12:00,0.095,23.1,0.143,22,0.124,22.4,0.148,22
8/4/17 13:00,0.097,25.9,0.145,24.6,0.126,25.4,0.149,23.9
8/4/17 14:00,0.1,28.2,0.147,26.7,0.129,27.9,0.15,25.4
8/4/17 15:00,0.101,29.7,0.148,28.1,0.129,29.4,0.151,26.6
8/4/17 16:00,0.1,30.6,0.149,29,0.129,30.5,0.151,27.7
8/4/17 17:00,0.1,30.7,0.149,29.2,0.128,30.9,0.151,28.2
8/4/17 18:00,0.098,30.4,0.148,29,0.126,30.7,0.151,28.1
8/4/17 19:00,0.096,29.2,0.148,28.2,0.125,29.8,0.15,27.6
8/4/17 20:00,0.094,27,0.145,26.6,0.122,27.9,0.149,26.4
8/4/17 21:00,0.092,24.8,0.143,24.7,0.12,25.5,0.148,24.6
8/4/17 22:00,0.092,22.9,0.142,22.9,0.119,23.3,0.147,22.7
8/4/17 23:00,0.09,21.4,0.141,21.5,0.118,21.6,0.146,21.3
8/5/17 0:00,0.09,20.1,0.141,20.4,0.118,20.3,0.145,20.1
8/5/17 1:00,0.09,19,0.141,19.3,0.118,19.1,0.145,19
8/5/17 2:00,0.089,18.1,0.139,18.4,0.117,18.2,0.144,18
8/5/17 3:00,0.089,17.1,0.139,17.5,0.117,17.2,0.143,17
8/5/17 4:00,0.089,16.2,0.139,16.7,0.117,16.2,0.143,16
8/5/17 5:00,0.089,15.4,0.138,15.9,0.117,15.4,0.142,15.2
8/5/17 6:00,0.088,14.6,0.137,15.2,0.117,14.6,0.141,14.4
8/5/17 7:00,0.088,14,0.136,14.6,0.117,14,0.141,13.8
8/5/17 8:00,0.087,13.7,0.136,14.2,0.117,13.6,0.141,13.7
8/5/17 9:00,0.088,14.6,0.136,14.7,0.117,14.2,0.141,15.1
8/5/17 10:00,0.089,16.8,0.138,16.4,0.118,16.3,0.142,17.1
8/5/17 11:00,0.091,19.5,0.14,18.8,0.12,18.9,0.143,19.2
8/5/17 12:00,0.093,22,0.141,21.1,0.122,21.5,0.145,21
8/5/17 13:00,0.095,24.5,0.143,23.3,0.124,24,0.146,22.9
8/5/17 14:00,0.096,26.2,0.145,24.8,0.125,25.8,0.147,23.8
8/5/17 15:00,0.098,28,0.146,26.5,0.126,27.7,0.148,25.2
8/5/17 16:00,0.099,29.4,0.148,27.8,0.127,29.2,0.149,26.6
8/5/17 17:00,0.098,29.4,0.148,28,0.126,29.5,0.149,27
8/5/17 18:00,0.096,28.7,0.147,27.5,0.124,28.9,0.148,26.8
8/5/17 19:00,0.094,27.3,0.145,26.4,0.122,27.7,0.148,25.8
8/5/17 20:00,0.092,25.1,0.143,24.6,0.12,25.4,0.146,24.1
8/5/17 21:00,0.091,23,0.142,22.8,0.118,23.3,0.145,22.4
8/5/17 22:00,0.09,20.9,0.14,21.1,0.117,21.2,0.144,20.7
8/5/17 23:00,0.089,19.7,0.139,19.9,0.117,19.8,0.143,19.5
8/6/17 0:00,0.089,18.5,0.139,18.8,0.117,18.6,0.143,18.3
8/6/17 1:00,0.089,17.8,0.139,18.1,0.117,17.8,0.142,17.7
8/6/17 2:00,0.089,17.1,0.139,17.4,0.117,17.1,0.142,16.9
8/6/17 3:00,0.088,16.4,0.138,16.7,0.116,16.4,0.141,16.1
8/6/17 4:00,0.088,15.8,0.138,16.2,0.116,15.8,0.141,15.6
8/6/17 5:00,0.087,15.3,0.137,15.6,0.116,15.2,0.14,14.9
8/6/17 6:00,0.087,14.6,0.136,15,0.116,14.5,0.14,14.3
8/6/17 7:00,0.087,14,0.136,14.4,0.116,13.9,0.139,13.7
8/6/17 8:00,0.087,13.7,0.136,14.2,0.116,13.6,0.139,13.6
8/6/17 9:00,0.087,14.5,0.136,14.7,0.117,14.2,0.139,14.6
8/6/17 10:00,0.088,16,0.137,15.8,0.117,15.7,0.14,16
8/6/17 11:00,0.09,18.3,0.139,17.7,0.119,17.8,0.141,18
8/6/17 12:00,0.092,21.2,0.141,20.3,0.121,20.7,0.143,20.2
8/6/17 13:00,0.094,23.9,0.142,22.6,0.123,23.5,0.144,22.2
8/6/17 14:00,0.096,26.2,0.144,24.7,0.125,25.9,0.145,23.6
8/6/17 15:00,0.096,27,0.145,25.5,0.125,26.8,0.146,24.2
8/6/17 16:00,0.097,28.6,0.146,27,0.126,28.4,0.147,25.7
8/6/17 17:00,0.097,28.3,0.146,26.9,0.125,28.4,0.147,25.7
8/6/17 18:00,0.096,28.1,0.145,26.8,0.124,28.3,0.147,25.8
8/6/17 19:00,0.094,27,0.145,26.1,0.122,27.5,0.146,25.3
8/6/17 20:00,0.092,25,0.143,24.6,0.12,25.6,0.145,24.2
8/6/17 21:00,0.091,23.3,0.142,23.1,0.118,23.7,0.144,22.8
8/6/17 22:00,0.09,21.3,0.14,21.4,0.117,21.7,0.143,21
8/6/17 23:00,0.089,19.7,0.139,19.9,0.117,19.9,0.142,19.5
8/7/17 0:00,0.089,18.4,0.139,18.7,0.117,18.5,0.142,18.3
8/7/17 1:00,0.089,17.3,0.138,17.7,0.116,17.4,0.141,17.2
8/7/17 2:00,0.088,16.3,0.138,16.8,0.116,16.4,0.14,16.2
8/7/17 3:00,0.087,15.5,0.137,16,0.115,15.5,0.14,15.4
8/7/17 4:00,0.087,14.8,0.136,15.3,0.115,14.7,0.139,14.6
8/7/17 5:00,0.087,14,0.136,14.6,0.115,14,0.139,13.9
8/7/17 6:00,0.087,13.4,0.136,14,0.115,13.3,0.139,13.2
8/7/17 7:00,0.086,12.7,0.135,13.3,0.115,12.7,0.138,12.6
8/7/17 8:00,0.086,12.4,0.134,13,0.115,12.3,0.138,12.5
8/7/17 9:00,0.086,13.2,0.135,13.4,0.115,12.9,0.138,13.7
8/7/17 10:00,0.088,15.3,0.136,15,0.117,14.8,0.139,15.6
8/7/17 11:00,0.09,18.1,0.138,17.4,0.118,17.4,0.14,17.9
8/7/17 12:00,0.092,21,0.14,20.1,0.121,20.4,0.142,20.1
8/7/17 13:00,0.094,23.7,0.142,22.5,0.123,23.2,0.143,21.9
8/7/17 14:00,0.095,25.5,0.144,24.4,0.124,25.3,0.144,23.3
8/7/17 15:00,0.096,26.9,0.145,25.6,0.125,26.8,0.145,24.3
8/7/17 16:00,0.096,27.2,0.145,26,0.125,27.2,0.145,24.9
8/7/17 17:00,0.095,27.1,0.145,26,0.124,27.3,0.145,25.1
8/7/17 18:00,0.095,27.5,0.145,26.4,0.123,27.8,0.145,25.6
8/7/17 19:00,0.094,26.6,0.144,25.8,0.121,27.2,0.144,25.1
8/7/17 20:00,0.092,24.7,0.143,24.4,0.119,25.5,0.143,24.1
8/7/17 21:00,0.09,22.7,0.141,22.6,0.117,23.2,0.142,22.4
8/7/17 22:00,0.089,20.9,0.139,21,0.116,21.2,0.142,20.8
8/7/17 23:00,0.089,19.5,0.139,19.8,0.116,19.8,0.141,19.5
8/8/17 0:00,0.089,18.6,0.138,18.8,0.116,18.7,0.141,18.6
8/8/17 1:00,0.088,17.7,0.138,18,0.115,17.8,0.14,17.6
8/8/17 2:00,0.087,16.8,0.137,17.2,0.115,16.8,0.139,16.8
8/8/17 3:00,0.087,16.1,0.137,16.5,0.115,16.1,0.139,16.1
8/8/17 4:00,0.087,15.5,0.136,15.9,0.115,15.5,0.139,15.4
8/8/17 5:00,0.087,14.8,0.136,15.3,0.115,14.8,0.138,14.7
8/8/17 6:00,0.086,14.4,0.136,14.8,0.114,14.3,0.137,14.3
8/8/17 7:00,0.086,14,0.136,14.5,0.114,14,0.137,13.9
8/8/17 8:00,0.086,14,0.136,14.4,0.115,13.9,0.137,13.9
8/8/17 9:00,0.087,14.4,0.136,14.6,0.115,14.3,0.137,14.1
8/8/17 10:00,0.086,14.2,0.135,14.5,0.115,14.2,0.136,14
8/8/17 11:00,0.087,14.3,0.136,14.5,0.115,14.3,0.135,13.9
8/8/17 12:00,0.095,13.5,0.138,13.8,0.117,13.4,0.139,13.3
8/8/17 13:00,0.138,13.1,0.158,13.4,0.154,12.9,0.185,13
8/8/17 14:00,0.161,14.1,0.177,14.3,0.17,14.2,0.199,14.2
8/8/17 15:00,0.162,17.8,0.183,17.4,0.172,18.2,0.199,17.4
8/8/17 16:00,0.159,20.2,0.183,19.6,0.17,20.7,0.198,19.4
8/8/17 17:00,0.155,21.2,0.182,20.6,0.168,21.7,0.196,20.2
8/8/17 18:00,0.151,21,0.181,20.7,0.166,21.5,0.193,20.3
8/8/17 19:00,0.148,19.8,0.179,19.7,0.163,20.2,0.189,19.6
8/8/17 20:00,0.146,18.2,0.176,18.4,0.162,18.4,0.187,18.5
8/8/17 21:00,0.144,16.6,0.174,17,0.161,16.8,0.185,17
8/8/17 22:00,0.143,15.3,0.173,15.8,0.16,15.3,0.183,15.7
8/8/17 23:00,0.142,14.1,0.173,14.7,0.159,14.1,0.182,14.5
8/9/17 0:00,0.142,13.2,0.172,13.9,0.158,13.2,0.18,13.7
8/9/17 1:00,0.14,12.6,0.171,13.3,0.158,12.6,0.18,13
8/9/17 2:00,0.14,12,0.17,12.6,0.158,11.9,0.179,12.2
8/9/17 3:00,0.139,11.3,0.169,12,0.157,11.1,0.178,11.5
8/9/17 4:00,0.139,10.6,0.168,11.4,0.156,10.5,0.177,10.8
8/9/17 5:00,0.138,10,0.168,10.8,0.156,9.8,0.176,10.2
8/9/17 6:00,0.138,9.4,0.167,10.3,0.156,9.2,0.176,9.6
8/9/17 7:00,0.137,9,0.167,9.8,0.156,8.8,0.176,9.2
8/9/17 8:00,0.137,9.3,0.167,10,0.156,9.1,0.176,9.6
8/9/17 9:00,0.138,10.6,0.166,10.9,0.156,10.5,0.176,10.8
8/9/17 10:00,0.138,11.9,0.166,12,0.156,11.9,0.176,11.9
8/9/17 11:00,0.139,14.3,0.167,13.9,0.157,14.2,0.178,14.2
8/9/17 12:00,0.14,17.7,0.169,16.9,0.158,17.7,0.18,17.3
8/9/17 13:00,0.14,20.3,0.17,19.3,0.158,20.4,0.18,19.2
8/9/17 14:00,0.138,20.8,0.169,20.1,0.156,21,0.179,19.5
8/9/17 15:00,0.135,20,0.168,19.6,0.154,20.2,0.178,19
8/9/17 16:00,0.134,19.6,0.167,19.1,0.152,19.7,0.176,18.9
8/9/17 17:00,0.132,19.2,0.166,18.7,0.15,19.2,0.174,18.3
8/9/17 18:00,0.129,17.5,0.163,17.4,0.148,17.5,0.172,17.1
8/9/17 19:00,0.128,16.3,0.162,16.4,0.146,16.2,0.171,16
8/9/17 20:00,0.127,15.5,0.161,15.7,0.145,15.5,0.17,15.5
8/9/17 21:00,0.127,14.8,0.161,15.1,0.145,14.8,0.169,14.8
8/9/17 22:00,0.125,13.7,0.16,14.2,0.144,13.7,0.168,13.8
8/9/17 23:00,0.125,12.6,0.159,13.1,0.143,12.5,0.167,12.7
8/10/17 0:00,0.125,11.8,0.158,12.4,0.143,11.7,0.166,12
8/10/17 1:00,0.124,11.1,0.157,11.7,0.142,11,0.165,11.3
8/10/17 2:00,0.124,10.4,0.156,11.1,0.142,10.3,0.165,10.5
8/10/17 3:00,0.124,9.7,0.156,10.4,0.142,9.5,0.164,9.8
8/10/17 4:00,0.123,9,0.155,9.8,0.142,8.9,0.163,9.2
8/10/17 5:00,0.122,8.4,0.155,9.3,0.141,8.3,0.163,8.6
8/10/17 6:00,0.123,8,0.155,8.8,0.141,7.8,0.162,8.1
8/10/17 7:00,0.122,7.8,0.154,8.6,0.141,7.6,0.162,8
8/10/17 8:00,0.123,8.2,0.154,8.9,0.142,8.1,0.162,8.4
8/10/17 9:00,0.124,9.4,0.155,9.7,0.142,9.2,0.163,9.6
8/10/17 10:00,0.125,11.7,0.155,11.4,0.143,11.4,0.164,12.2
8/10/17 11:00,0.126,14.8,0.157,14.1,0.144,14.6,0.166,15
8/10/17 12:00,0.127,17.6,0.159,16.8,0.145,17.6,0.166,17.1
8/10/17 13:00,0.127,19.8,0.159,18.9,0.146,20,0.167,18.6
8/10/17 14:00,0.127,21.5,0.16,20.7,0.147,22.6,0.167,19.4
8/10/17 15:00,0.125,22.4,0.161,22.2,0.148,25.2,0.166,20.5
8/10/17 16:00,0.125,23.1,0.161,23.3,0.148,26.7,0.167,21.9
8/10/17 17:00,0.123,22.7,0.16,23.2,0.148,26,0.166,22.1
8/10/17 18:00,0.121,22,0.159,22.5,0.146,24.9,0.165,21.8
8/10/17 19:00,0.12,21.3,0.159,22,0.145,24.2,0.164,21.7
8/10/17 20:00,0.118,19.3,0.157,20.5,0.142,21.9,0.163,20.7
8/10/17 21:00,0.116,17.3,0.155,18.5,0.141,19.2,0.161,18.8
8/10/17 22:00,0.114,15.5,0.154,16.7,0.139,16.9,0.159,17
8/10/17 23:00,0.113,14.1,0.153,15.3,0.138,15.2,0.159,15.6
8/11/17 0:00,0.112,12.9,0.151,14.2,0.137,13.8,0.157,14.3
8/11/17 1:00,0.112,12,0.151,13.2,0.136,12.7,0.156,13.3
8/11/17 2:00,0.111,11.2,0.15,12.4,0.136,11.8,0.156,12.4
8/11/17 3:00,0.11,10.5,0.15,11.7,0.135,11,0.155,11.6
8/11/17 4:00,0.109,9.9,0.148,11.1,0.134,10.2,0.154,10.9
8/11/17 5:00,0.109,9.4,0.148,10.5,0.133,9.6,0.154,10.2
8/11/17 6:00,0.107,8.8,0.148,9.9,0.133,9,0.153,9.6
8/11/17 7:00,0.107,8.3,0.147,9.4,0.133,8.5,0.152,9.1
8/11/17 8:00,0.107,8.3,0.147,9.2,0.133,8.3,0.152,9.1
8/11/17 9:00,0.108,9.2,0.147,9.8,0.133,9.2,0.152,10.2
8/11/17 10:00,0.109,11.1,0.148,11.2,0.133,11,0.153,11.8
8/11/17 11:00,0.11,13.5,0.149,13.4,0.135,13.7,0.154,13.9
8/11/17 12:00,0.112,16.1,0.151,16,0.137,17,0.156,16.3
8/11/17 13:00,0.114,18.9,0.153,18.7,0.139,20.6,0.158,18.6
8/11/17 14:00,0.116,21.7,0.154,21.4,0.141,23.6,0.159,20.4
8/11/17 15:00,0.117,24,0.156,23.7,0.142,26,0.161,22.2
8/11/17 16:00,0.118,25.2,0.156,24.9,0.143,27.2,0.161,23.5
8/11/17 17:00,0.117,25.4,0.156,25.2,0.143,27.2,0.161,24
8/11/17 18:00,0.116,24.6,0.156,24.5,0.142,26.1,0.161,23.7
8/11/17 19:00,0.114,23.2,0.155,23.3,0.141,24.6,0.159,22.8
8/11/17 20:00,0.112,21,0.153,21.4,0.139,22.1,0.157,21.1
8/11/17 21:00,0.111,18.9,0.151,19.5,0.137,19.8,0.156,19.3
8/11/17 22:00,0.109,17.2,0.15,17.9,0.136,17.9,0.155,17.8
8/11/17 23:00,0.108,16,0.148,16.7,0.135,16.6,0.154,16.7
8/12/17 0:00,0.107,15.3,0.148,16,0.135,15.8,0.154,16
8/12/17 1:00,0.107,14.7,0.148,15.4,0.134,15.2,0.153,15.4
8/12/17 2:00,0.107,14.2,0.147,14.9,0.134,14.7,0.153,14.8
8/12/17 3:00,0.106,13.3,0.147,14.1,0.133,13.6,0.152,13.9
8/12/17 4:00,0.105,12.3,0.146,13.2,0.133,12.6,0.151,12.9
8/12/17 5:00,0.105,11.6,0.145,12.4,0.132,11.8,0.15,12.1
8/12/17 6:00,0.104,10.8,0.145,11.7,0.131,11,0.15,11.4
8/12/17 7:00,0.103,10.2,0.144,11.1,0.131,10.3,0.149,10.7
8/12/17 8:00,0.103,9.9,0.144,10.8,0.131,9.9,0.149,10.6
8/12/17 9:00,0.104,10.7,0.144,11.2,0.131,10.7,0.149,11.7
8/12/17 10:00,0.105,12.8,0.145,12.8,0.132,12.8,0.151,13.8
8/12/17 11:00,0.107,15.8,0.147,15.5,0.133,16.2,0.153,16.3
8/12/17 12:00,0.11,19.1,0.149,18.7,0.136,19.9,0.155,18.8
8/12/17 13:00,0.112,22.2,0.151,21.6,0.138,23.2,0.156,20.9
8/12/17 14:00,0.113,23.9,0.152,23.4,0.139,25.1,0.157,21.9
8/12/17 15:00,0.114,24.9,0.153,24.3,0.14,26,0.158,22.7
8/12/17 16:00,0.115,26.4,0.154,25.6,0.141,27.5,0.158,24.1
8/12/17 17:00,0.115,26.6,0.154,25.8,0.141,27.7,0.158,24.3
8/12/17 18:00,0.114,26.1,0.154,25.5,0.141,27.3,0.158,24.1
8/12/17 19:00,0.112,24.8,0.153,24.6,0.139,26,0.157,23.7
8/12/17 20:00,0.111,22.8,0.151,23,0.138,23.9,0.155,22.6
8/12/17 21:00,0.109,20.7,0.149,21,0.136,21.4,0.154,20.8
8/12/17 22:00,0.107,18.7,0.148,19.2,0.135,19.2,0.153,19
8/12/17 23:00,0.106,17.1,0.147,17.7,0.134,17.5,0.152,17.5
8/13/17 0:00,0.105,15.8,0.146,16.5,0.133,16.1,0.151,16.3
8/13/17 1:00,0.104,14.8,0.145,15.6,0.132,15.1,0.15,15.3
8/13/17 2:00,0.103,14.1,0.145,14.9,0.131,14.3,0.149,14.6
8/13/17 3:00,0.103,13.6,0.144,14.4,0.131,13.7,0.149,14
8/13/17 4:00,0.102,12.7,0.144,13.5,0.13,12.8,0.148,13.1
8/13/17 5:00,0.102,12,0.142,12.8,0.13,12.1,0.148,12.4
8/13/17 6:00,0.102,11.6,0.142,12.4,0.129,11.7,0.148,12.1
8/13/17 7:00,0.101,11.4,0.142,12.2,0.129,11.5,0.147,11.8
8/13/17 8:00,0.101,11.3,0.142,12,0.129,11.4,0.147,11.8
8/13/17 9:00,0.102,12.2,0.142,12.5,0.129,12.2,0.147,13
8/13/17 10:00,0.103,13.8,0.142,13.9,0.13,13.9,0.148,14.3
8/13/17 11:00,0.105,16.6,0.145,16.4,0.132,16.9,0.15,16.9
8/13/17 12:00,0.108,19.6,0.147,19.1,0.134,20.1,0.152,19.1
8/13/17 13:00,0.109,21.2,0.148,20.7,0.135,21.9,0.152,20.1
8/13/17 14:00,0.109,22.1,0.148,21.6,0.136,22.8,0.153,20.8
8/13/17 15:00,0.109,21.8,0.148,21.6,0.136,22.5,0.153,20.6
8/13/17 16:00,0.11,23,0.149,22.6,0.136,23.8,0.154,21.8
8/13/17 17:00,0.112,24.9,0.151,24.2,0.138,25.6,0.155,23.2
8/13/17 18:00,0.111,24.1,0.15,23.6,0.137,24.8,0.154,22.8
8/13/17 19:00,0.109,22.6,0.149,22.3,0.136,23.1,0.153,21.8
8/13/17 20:00,0.107,21.2,0.148,21.1,0.135,21.6,0.152,20.7
8/13/17 21:00,0.106,19.5,0.146,19.6,0.133,19.8,0.151,19.3
8/13/17 22:00,0.105,18.2,0.145,18.4,0.133,18.4,0.15,18.2
8/13/17 23:00,0.104,17.3,0.145,17.6,0.132,17.5,0.149,17.4
8/14/17 0:00,0.103,16.6,0.144,16.9,0.131,16.7,0.149,16.7
8/14/17 1:00,0.103,15.8,0.144,16.2,0.131,15.9,0.148,16
8/14/17 2:00,0.102,15.3,0.144,15.7,0.13,15.4,0.148,15.5
8/14/17 3:00,0.102,14.8,0.143,15.2,0.13,14.8,0.148,14.9
8/14/17 4:00,0.102,14.2,0.143,14.6,0.129,14.2,0.148,14.3
8/14/17 5:00,0.102,13.5,0.142,14.1,0.129,13.5,0.147,13.7
8/14/17 6:00,0.101,13.1,0.142,13.6,0.129,13.1,0.146,13.3
8/14/17 7:00,0.101,12.9,0.142,13.4,0.129,12.9,0.146,13.1
8/14/17 8:00,0.101,12.9,0.142,13.3,0.129,12.9,0.146,13
8/14/17 9:00,0.101,13.1,0.142,13.4,0.129,13,0.146,13.1
8/14/17 10:00,0.102,13.1,0.142,13.4,0.129,13.1,0.147,13.1
8/14/17 11:00,0.102,14,0.142,14.1,0.129,13.9,0.147,14
8/14/17 12:00,0.105,16.5,0.144,16.1,0.131,16.5,0.148,16.2
8/14/17 13:00,0.106,17.7,0.145,17.2,0.132,17.7,0.149,17.1
8/14/17 14:00,0.106,18.4,0.145,17.9,0.133,18.5,0.15,17.6
8/14/17 15:00,0.106,17.6,0.145,17.5,0.133,17.8,0.149,17.1
8/14/17 16:00,0.106,16.9,0.144,16.9,0.132,17,0.148,16.6
8/14/17 17:00,0.105,16.7,0.144,16.6,0.132,16.7,0.148,16.3
8/14/17 18:00,0.104,16.1,0.143,16.1,0.132,16.2,0.148,15.9
8/14/17 19:00,0.103,15.9,0.142,15.9,0.132,16,0.148,15.7
8/14/17 20:00,0.103,15.3,0.142,15.4,0.131,15.3,0.147,15.1
8/14/17 21:00,0.103,14.6,0.142,14.8,0.131,14.6,0.147,14.5
8/14/17 22:00,0.102,13.9,0.142,14.2,0.131,13.9,0.147,13.9
8/14/17 23:00,0.102,13.4,0.142,13.8,0.131,13.4,0.146,13.5
8/15/17 0:00,0.102,12.9,0.142,13.3,0.13,12.9,0.146,13
8/15/17 1:00,0.101,12.4,0.141,12.8,0.129,12.3,0.146,12.4
8/15/17 2:00,0.101,11.7,0.141,12.2,0.129,11.6,0.145,11.8
8/15/17 3:00,0.101,11.5,0.141,12,0.129,11.5,0.145,11.7
8/15/17 4:00,0.101,11.3,0.141,11.7,0.129,11.2,0.145,11.3
8/15/17 5:00,0.101,11,0.141,11.4,0.129,10.9,0.145,11
8/15/17 6:00,0.1,10.6,0.14,11.1,0.129,10.5,0.145,10.6
8/15/17 7:00,0.1,10,0.139,10.6,0.128,9.9,0.144,10
8/15/17 8:00,0.099,9.5,0.139,10.2,0.128,9.4,0.144,9.9
8/15/17 9:00,0.1,10.6,0.139,10.6,0.128,10.2,0.145,11.7
8/15/17 10:00,0.102,13.1,0.141,12.4,0.129,12.7,0.147,14
8/15/17 11:00,0.104,15.3,0.142,14.6,0.131,15.3,0.148,15.6
8/15/17 12:00,0.106,18,0.144,17,0.133,18.4,0.149,17.6
8/15/17 13:00,0.109,21.6,0.146,20.5,0.136,22.5,0.151,20
8/15/17 14:00,0.112,24,0.148,23,0.138,25.1,0.152,21.3
8/15/17 15:00,0.11,23.1,0.148,22.5,0.138,24.1,0.152,21.1
8/15/17 16:00,0.11,23.4,0.148,22.7,0.138,24.3,0.152,21.6
8/15/17 17:00,0.11,23.6,0.148,23,0.138,24.5,0.152,21.9
8/15/17 18:00,0.108,21.9,0.148,21.8,0.136,22.8,0.151,20.9
8/15/17 19:00,0.107,19.6,0.146,19.8,0.134,20.3,0.15,19.3
8/15/17 20:00,0.105,17.8,0.145,18.2,0.133,18.3,0.148,17.8
8/15/17 21:00,0.104,16.4,0.144,16.8,0.133,16.7,0.148,16.5
8/15/17 22:00,0.103,15.3,0.143,15.8,0.132,15.5,0.147,15.6
8/15/17 23:00,0.102,14.1,0.142,14.7,0.131,14.3,0.147,14.4
8/16/17 0:00,0.101,12.8,0.142,13.5,0.13,12.9,0.146,13.2
8/16/17 1:00,0.1,11.8,0.141,12.5,0.129,11.8,0.145,12.2
8/16/17 2:00,0.1,10.9,0.14,11.7,0.129,10.9,0.145,11.3
8/16/17 3:00,0.099,10.1,0.139,11,0.128,10.1,0.144,10.6
8/16/17 4:00,0.098,9.4,0.139,10.3,0.128,9.3,0.143,9.9
8/16/17 5:00,0.097,8.8,0.138,9.7,0.127,8.7,0.143,9.2
8/16/17 6:00,0.097,8.2,0.138,9.1,0.126,8.1,0.142,8.6
8/16/17 7:00,0.097,7.6,0.137,8.6,0.126,7.5,0.142,8
8/16/17 8:00,0.096,7.3,0.137,8.3,0.126,7.2,0.142,8.1
8/16/17 9:00,0.096,8.3,0.137,8.7,0.126,8,0.142,9.6
8/16/17 10:00,0.099,11.1,0.138,10.6,0.128,10.7,0.144,12.4
8/16/17 11:00,0.101,14.8,0.141,14,0.129,14.7,0.146,15.3
8/16/17 12:00,0.105,18.6,0.144,17.7,0.133,19,0.148,18
8/16/17 13:00,0.107,20.6,0.145,19.8,0.134,21.3,0.149,18.8
8/16/17 14:00,0.106,20.1,0.145,19.5,0.134,20.6,0.149,18.5
8/16/17 15:00,0.107,21.9,0.146,21.2,0.136,22.6,0.15,19.9
8/16/17 16:00,0.109,24.1,0.148,23.1,0.137,24.9,0.151,21.8
8/16/17 17:00,0.111,25.8,0.15,24.8,0.139,26.9,0.152,23.1
8/16/17 18:00,0.11,25.4,0.149,24.6,0.138,26.4,0.152,23.2
8/16/17 19:00,0.108,24.1,0.148,23.7,0.137,25.2,0.151,22.8
8/16/17 20:00,0.107,21.6,0.147,21.6,0.135,22.5,0.15,21.4
8/16/17 21:00,0.105,19.3,0.145,19.6,0.133,19.9,0.148,19.5
8/16/17 22:00,0.103,17.5,0.143,17.8,0.132,17.8,0.147,17.8
8/16/17 23:00,0.101,16,0.142,16.5,0.131,16.2,0.146,16.4
8/17/17 0:00,0.1,14.9,0.142,15.4,0.13,15,0.145,15.3
8/17/17 1:00,0.1,14.2,0.141,14.8,0.129,14.3,0.145,14.7
8/17/17 2:00,0.099,13.7,0.141,14.2,0.129,13.7,0.145,14.1
8/17/17 3:00,0.099,12.6,0.14,13.3,0.128,12.7,0.144,13
8/17/17 4:00,0.098,11.7,0.139,12.4,0.128,11.7,0.143,12.1
8/17/17 5:00,0.097,11,0.139,11.7,0.127,10.9,0.143,11.4
8/17/17 6:00,0.097,10.5,0.138,11.2,0.126,10.4,0.142,10.9
8/17/17 7:00,0.097,10,0.138,10.8,0.126,9.9,0.142,10.4
8/17/17 8:00,0.096,9.6,0.137,10.4,0.126,9.5,0.142,10.3
8/17/17 9:00,0.096,10.3,0.137,10.6,0.126,10.1,0.142,11.7
8/17/17 10:00,0.098,13,0.139,12.4,0.127,12.6,0.144,14.1
8/17/17 11:00,0.101,16.6,0.141,15.8,0.129,16.4,0.146,16.9
8/17/17 12:00,0.104,20.2,0.144,19.3,0.132,20.3,0.148,19.3
8/17/17 13:00,0.107,23.5,0.146,22.3,0.134,23.8,0.149,21.1
8/17/17 14:00,0.109,25.3,0.148,24.1,0.136,25.7,0.149,21.9
8/17/17 15:00,0.109,26.2,0.148,25,0.137,26.6,0.15,22.6
8/17/17 16:00,0.11,27.6,0.15,26.3,0.138,28.2,0.151,24.1
8/17/17 17:00,0.11,27.8,0.15,26.6,0.138,28.5,0.151,24.5
8/17/17 18:00,0.109,27.1,0.15,26.1,0.138,27.9,0.15,24.3
8/17/17 19:00,0.107,25.3,0.148,24.9,0.136,26.3,0.149,23.7
8/17/17 20:00,0.105,22.9,0.146,22.8,0.134,23.6,0.148,22.4
8/17/17 21:00,0.103,20.6,0.144,20.8,0.132,21,0.147,20.5
8/17/17 22:00,0.101,18.7,0.143,19,0.131,18.9,0.146,18.8
8/17/17 23:00,0.1,17.1,0.142,17.5,0.13,17.3,0.145,17.3
8/18/17 0:00,0.099,15.8,0.141,16.3,0.129,15.9,0.144,16.1
8/18/17 1:00,0.098,14.7,0.141,15.3,0.128,14.7,0.143,15
8/18/17 2:00,0.097,13.7,0.14,14.4,0.127,13.7,0.142,14
8/18/17 3:00,0.097,12.8,0.139,13.5,0.126,12.7,0.142,13.1
8/18/17 4:00,0.096,11.9,0.139,12.7,0.126,11.9,0.142,12.3
8/18/17 5:00,0.096,11.2,0.138,11.9,0.125,11.1,0.141,11.5
8/18/17 6:00,0.095,10.5,0.138,11.3,0.125,10.4,0.14,10.8
8/18/17 7:00,0.094,9.8,0.137,10.7,0.125,9.6,0.14,10.1
8/18/17 8:00,0.094,9.4,0.136,10.2,0.124,9.2,0.14,10
8/18/17 9:00,0.094,10,0.136,10.4,0.124,9.8,0.14,11.4
8/18/17 10:00,0.096,12.7,0.138,12.2,0.125,12.3,0.142,13.8
8/18/17 11:00,0.099,16.3,0.14,15.6,0.127,16.1,0.143,16.6
8/18/17 12:00,0.102,19.9,0.142,19,0.13,19.9,0.145,19
8/18/17 13:00,0.105,23.3,0.145,22.1,0.133,23.5,0.146,20.9
8/18/17 14:00,0.107,25.9,0.147,24.7,0.135,26.4,0.147,22.2
8/18/17 15:00,0.109,27.5,0.148,26.2,0.136,28,0.148,23.3
8/18/17 16:00,0.109,28.2,0.149,26.9,0.137,28.8,0.148,24.3
8/18/17 17:00,0.109,28.3,0.15,27.1,0.137,29,0.148,24.8
8/18/17 18:00,0.108,27.7,0.149,26.7,0.136,28.5,0.148,24.8
8/18/17 19:00,0.106,26,0.148,25.5,0.135,27,0.147,24.3
8/18/17 20:00,0.104,23.5,0.145,23.4,0.133,24.2,0.146,22.9
8/18/17 21:00,0.101,21.2,0.143,21.3,0.131,21.6,0.144,21
8/18/17 22:00,0.1,19.3,0.142,19.5,0.129,19.5,0.143,19.3
8/18/17 23:00,0.099,17.7,0.141,18,0.128,17.8,0.142,17.8
8/19/17 0:00,0.098,16.4,0.141,16.8,0.127,16.4,0.142,16.5
8/19/17 1:00,0.097,15.2,0.139,15.7,0.126,15.2,0.141,15.4
8/19/17 2:00,0.096,14.2,0.139,14.8,0.125,14.1,0.14,14.4
8/19/17 3:00,0.095,13.2,0.139,13.9,0.125,13.1,0.14,13.4
8/19/17 4:00,0.095,12.3,0.138,13,0.124,12.2,0.139,12.6
8/19/17 5:00,0.094,11.5,0.137,12.3,0.124,11.4,0.139,11.8
8/19/17 6:00,0.094,10.8,0.136,11.6,0.123,10.6,0.138,11
8/19/17 7:00,0.093,10.1,0.136,10.9,0.123,9.9,0.137,10.3
8/19/17 8:00,0.093,9.6,0.135,10.5,0.122,9.4,0.137,10.2
8/19/17 9:00,0.093,10.2,0.136,10.6,0.122,9.9,0.137,11.4
8/19/17 10:00,0.094,12.8,0.136,12.3,0.124,12.3,0.139,13.9
8/19/17 11:00,0.097,16.4,0.139,15.7,0.125,16.1,0.141,16.7
8/19/17 12:00,0.101,20,0.141,19.2,0.129,19.9,0.142,19.1
8/19/17 13:00,0.103,22.8,0.143,21.8,0.131,23,0.143,20.8
8/19/17 14:00,0.106,25.6,0.146,24.5,0.133,26,0.145,22.5
8/19/17 15:00,0.107,27.4,0.148,26.1,0.135,27.7,0.145,23.8
8/19/17 16:00,0.107,27.9,0.148,26.7,0.135,28.3,0.146,24.8
8/19/17 17:00,0.106,27.3,0.148,26.3,0.134,27.8,0.145,24.6
8/19/17 18:00,0.105,26.6,0.147,25.7,0.133,27.1,0.145,24.3
8/19/17 19:00,0.103,24.8,0.145,24.2,0.131,25.1,0.143,23.2
8/19/17 20:00,0.101,22.8,0.144,22.5,0.129,23.1,0.142,21.9
8/19/17 21:00,0.099,21,0.142,20.9,0.128,21.1,0.141,20.3
8/19/17 22:00,0.098,19.3,0.141,19.4,0.127,19.3,0.14,18.9
8/19/17 23:00,0.097,17.9,0.14,18.1,0.126,17.8,0.139,17.6
8/20/17 0:00,0.096,16.6,0.139,16.9,0.125,16.5,0.139,16.5
8/20/17 1:00,0.095,15.5,0.139,15.9,0.124,15.3,0.138,15.4
8/20/17 2:00,0.094,14.4,0.138,14.9,0.123,14.3,0.138,14.4
8/20/17 3:00,0.094,13.5,0.137,14,0.123,13.3,0.137,13.5
8/20/17 4:00,0.094,12.6,0.136,13.2,0.122,12.4,0.136,12.7
8/20/17 5:00,0.093,11.9,0.136,12.5,0.122,11.7,0.136,12
8/20/17 6:00,0.093,11.2,0.135,11.8,0.121,11,0.135,11.3
8/20/17 7:00,0.092,10.5,0.134,11.2,0.121,10.3,0.135,10.6
8/20/17 8:00,0.092,10.1,0.134,10.8,0.121,9.8,0.134,10.3
8/20/17 9:00,0.092,10.5,0.134,10.9,0.121,10.2,0.135,11.1
8/20/17 10:00,0.093,12.6,0.135,12.4,0.122,12.3,0.136,13.4
8/20/17 11:00,0.095,16.1,0.138,15.4,0.124,15.8,0.137,16.1
8/20/17 12:00,0.098,19.7,0.14,18.8,0.126,19.7,0.139,18.7
8/20/17 13:00,0.101,22.8,0.142,21.7,0.129,23,0.14,20.5
8/20/17 14:00,0.103,25.1,0.145,23.9,0.131,25.3,0.141,21.5
8/20/17 15:00,0.104,26.5,0.146,25.3,0.132,26.8,0.142,22.5
8/20/17 16:00,0.105,27.3,0.147,26.1,0.133,27.8,0.142,23.5
8/20/17 17:00,0.104,27.3,0.147,26.2,0.133,27.9,0.142,24
8/20/17 18:00,0.103,26.6,0.146,25.7,0.132,27.2,0.141,23.9
8/20/17 19:00,0.101,24.9,0.145,24.5,0.13,25.7,0.14,23.3
8/20/17 20:00,0.099,22.6,0.142,22.4,0.128,23.1,0.139,21.9
8/20/17 21:00,0.097,20.5,0.141,20.6,0.125,20.8,0.138,20.1
8/20/17 22:00,0.096,18.8,0.139,19,0.125,18.9,0.137,18.6
8/20/17 23:00,0.095,17.4,0.139,17.7,0.124,17.4,0.136,17.3
8/21/17 0:00,0.094,16.2,0.138,16.5,0.123,16.1,0.136,16.1
8/21/17 1:00,0.094,15.1,0.138,15.5,0.122,15,0.135,15.1
8/21/17 2:00,0.093,14,0.137,14.6,0.121,13.9,0.135,14.1
8/21/17 3:00,0.093,13.1,0.136,13.7,0.121,12.9,0.134,13.2
8/21/17 4:00,0.092,12.3,0.136,12.9,0.121,12.1,0.134,12.4
8/21/17 5:00,0.092,11.5,0.135,12.2,0.12,11.3,0.133,11.6
8/21/17 6:00,0.092,10.9,0.134,11.6,0.12,10.7,0.133,11
8/21/17 7:00,0.091,10.2,0.134,10.9,0.119,10,0.132,10.3
8/21/17 8:00,0.09,9.6,0.133,10.4,0.119,9.4,0.132,10
8/21/17 9:00,0.09,10,0.133,10.5,0.119,9.7,0.132,11.1
8/21/17 10:00,0.092,12.4,0.135,12,0.12,12,0.133,13.4
8/21/17 11:00,0.094,15.8,0.137,15,0.122,15.4,0.135,16
8/21/17 12:00,0.096,17.3,0.139,16.6,0.124,17.2,0.135,16.4
8/21/17 13:00,0.095,17.1,0.138,16.7,0.123,17,0.134,15.9
8/21/17 14:00,0.098,21,0.14,20.1,0.126,21.2,0.136,18.3
8/21/17 15:00,0.101,24.2,0.142,23,0.129,24.6,0.137,20.5
8/21/17 16:00,0.102,25.6,0.144,24.5,0.13,26.1,0.139,22
8/21/17 17:00,0.102,26.1,0.145,25.1,0.131,26.8,0.139,22.8
8/21/17 18:00,0.101,25.8,0.144,24.9,0.13,26.5,0.138,22.9
8/21/17 19:00,0.1,24.3,0.143,23.8,0.129,25.1,0.137,22.6
8/21/17 20:00,0.098,22,0.142,21.9,0.126,22.6,0.136,21.4
8/21/17 21:00,0.096,19.9,0.139,20,0.124,20.2,0.135,19.6
8/21/17 22:00,0.094,18.1,0.139,18.3,0.123,18.3,0.134,18
8/21/17 23:00,0.094,16.7,0.138,17,0.122,16.8,0.133,16.7
8/22/17 0:00,0.093,15.4,0.137,15.8,0.121,15.4,0.133,15.5
8/22/17 1:00,0.092,14.3,0.136,14.8,0.121,14.3,0.133,14.4
8/22/17 2:00,0.092,13.3,0.136,13.9,0.12,13.2,0.132,13.5
8/22/17 3:00,0.091,12.5,0.135,13,0.119,12.3,0.131,12.6
8/22/17 4:00,0.09,11.7,0.134,12.3,0.119,11.5,0.131,11.8
8/22/17 5:00,0.09,11,0.133,11.6,0.118,10.8,0.13,11.1
8/22/17 6:00,0.09,10.3,0.133,11,0.118,10.1,0.13,10.4
8/22/17 7:00,0.089,9.6,0.133,10.4,0.118,9.5,0.129,9.8
8/22/17 8:00,0.089,9.3,0.132,9.9,0.117,9,0.129,9.6
8/22/17 9:00,0.089,9.8,0.132,10.2,0.117,9.5,0.129,10.7
8/22/17 10:00,0.09,12,0.133,11.6,0.119,11.6,0.13,12.9
8/22/17 11:00,0.093,15.2,0.136,14.6,0.121,14.9,0.132,15.6
8/22/17 12:00,0.095,18.6,0.138,17.8,0.123,18.5,0.133,18
8/22/17 13:00,0.098,21.8,0.14,20.9,0.126,22,0.135,19.8
8/22/17 14:00,0.1,24.5,0.142,23.5,0.129,24.9,0.135,21.3
8/22/17 15:00,0.102,26.5,0.144,25.4,0.13,27.2,0.136,22.7
8/22/17 16:00,0.103,27.7,0.145,26.6,0.131,28.5,0.136,24.1
8/22/17 17:00,0.103,28,0.145,26.9,0.131,28.8,0.136,24.6
8/22/17 18:00,0.101,27.4,0.145,26.4,0.129,28.2,0.136,24.6
8/22/17 19:00,0.099,25.6,0.143,25.1,0.127,26.5,0.134,24
8/22/17 20:00,0.097,23.3,0.142,23.1,0.125,23.9,0.133,22.6
8/22/17 21:00,0.095,21.2,0.139,21.1,0.122,21.5,0.132,20.8
8/22/17 22:00,0.094,19.3,0.138,19.4,0.121,19.5,0.131,19.1
8/22/17 23:00,0.093,17.8,0.138,18,0.12,17.8,0.13,17.7
8/23/17 0:00,0.093,16.5,0.137,16.8,0.12,16.5,0.129,16.5
8/23/17 1:00,0.092,15.4,0.136,15.8,0.119,15.4,0.129,15.5
8/23/17 2:00,0.091,14.5,0.136,14.9,0.118,14.4,0.128,14.5
8/23/17 3:00,0.09,13.6,0.134,14.1,0.118,13.4,0.127,13.6
8/23/17 4:00,0.09,12.8,0.134,13.3,0.117,12.6,0.127,12.8
8/23/17 5:00,0.09,12,0.133,12.6,0.117,11.9,0.126,12.1
8/23/17 6:00,0.089,11.4,0.133,11.9,0.117,11.2,0.126,11.4
8/23/17 7:00,0.089,10.8,0.133,11.4,0.117,10.6,0.125,10.8
8/23/17 8:00,0.089,10.4,0.133,11,0.117,10.2,0.125,10.6
8/23/17 9:00,0.089,10.8,0.132,11.1,0.117,10.5,0.125,11.6
8/23/17 10:00,0.09,12.9,0.133,12.5,0.117,12.5,0.126,13.8
8/23/17 11:00,0.092,15.8,0.135,15.2,0.119,15.5,0.128,16
8/23/17 12:00,0.094,19.2,0.137,18.4,0.122,19.1,0.129,18.5
8/23/17 13:00,0.097,22.4,0.139,21.5,0.125,22.6,0.131,20.5
8/23/17 14:00,0.098,24.1,0.141,23.2,0.126,24.4,0.131,21.5
8/23/17 15:00,0.099,25.5,0.142,24.6,0.127,25.8,0.132,22.6
8/23/17 16:00,0.099,25.2,0.142,24.4,0.126,25.5,0.131,22.7
8/23/17 17:00,0.098,25.1,0.142,24.3,0.125,25.4,0.131,23
8/23/17 18:00,0.097,24.8,0.142,24,0.125,25,0.131,23
8/23/17 19:00,0.097,24.4,0.141,23.8,0.124,24.8,0.13,23.2
8/23/17 20:00,0.095,22.8,0.14,22.4,0.122,23.2,0.129,22
8/23/17 21:00,0.094,21.1,0.139,20.9,0.12,21.3,0.128,20.6
8/23/17 22:00,0.093,19.6,0.137,19.5,0.119,19.6,0.127,19.2
8/23/17 23:00,0.092,18.3,0.136,18.4,0.118,18.3,0.126,18.2
8/24/17 0:00,0.092,17.7,0.136,17.7,0.118,17.6,0.126,17.6
8/24/17 1:00,0.091,16.9,0.136,17,0.117,16.8,0.125,16.8
8/24/17 2:00,0.09,16.1,0.135,16.2,0.117,16,0.125,16
8/24/17 3:00,0.09,15.1,0.134,15.4,0.117,15,0.125,15
8/24/17 4:00,0.089,14.3,0.134,14.6,0.116,14.1,0.124,14.2
8/24/17 5:00,0.089,13.5,0.133,13.9,0.116,13.4,0.124,13.5
8/24/17 6:00,0.089,12.8,0.133,13.2,0.116,12.7,0.124,12.8
8/24/17 7:00,0.089,12.2,0.133,12.7,0.115,12.1,0.123,12.3
8/24/17 8:00,0.089,12.1,0.133,12.5,0.115,11.9,0.123,12.2
8/24/17 9:00,0.089,12.7,0.133,12.9,0.116,12.6,0.123,13
8/24/17 10:00,0.089,14.6,0.133,14.2,0.117,14.4,0.124,15.2
8/24/17 11:00,0.092,17,0.136,16.4,0.118,16.8,0.126,17.4
8/24/17 12:00,0.094,20.1,0.137,19.4,0.121,20.1,0.127,19.7
8/24/17 13:00,0.096,23.5,0.139,22.6,0.124,23.7,0.129,21.8
8/24/17 14:00,0.097,24.8,0.141,23.9,0.125,25,0.129,22.3
8/24/17 15:00,0.097,24.6,0.141,23.8,0.125,24.8,0.129,22.4
8/24/17 16:00,0.097,24.5,0.141,23.8,0.124,24.7,0.128,22.7
8/24/17 17:00,0.096,24.9,0.141,24.1,0.124,25.2,0.128,23
8/24/17 18:00,0.096,24.6,0.14,24,0.123,25,0.127,23
8/24/17 19:00,0.095,23.7,0.139,23.3,0.122,24.2,0.127,22.6
8/24/17 20:00,0.093,21.8,0.138,21.6,0.12,22.1,0.125,21.2
8/24/17 21:00,0.092,20.2,0.137,20.1,0.118,20.3,0.124,19.8
8/24/17 22:00,0.093,18.1,0.137,18.2,0.117,18.3,0.123,18
8/24/17 23:00,0.092,16.4,0.136,16.8,0.116,16.5,0.122,16.5
8/25/17 0:00,0.092,15,0.136,15.5,0.116,15,0.121,15.2
8/25/17 1:00,0.091,13.9,0.135,14.5,0.115,13.8,0.121,14.2
8/25/17 2:00,0.09,13,0.134,13.6,0.115,12.9,0.12,13.3
8/25/17 3:00,0.09,12.2,0.133,12.9,0.115,12.1,0.12,12.5
8/25/17 4:00,0.09,11.5,0.133,12.2,0.115,11.3,0.119,11.8
8/25/17 5:00,0.09,10.8,0.133,11.5,0.116,10.6,0.119,11.1
8/25/17 6:00,0.09,10.2,0.133,11,0.116,10,0.119,10.4
8/25/17 7:00,0.09,9.8,0.133,10.6,0.117,9.6,0.119,10.2
8/25/17 8:00,0.09,9.9,0.133,10.6,0.117,9.7,0.119,10.1
8/25/17 9:00,0.09,10.7,0.133,11.1,0.118,10.5,0.119,10.9
8/25/17 10:00,0.091,12.3,0.133,12.3,0.12,12.1,0.12,12.4
8/25/17 11:00,0.093,14.4,0.135,14,0.122,14.3,0.121,14.4
8/25/17 12:00,0.095,16.5,0.136,15.9,0.124,16.5,0.123,16.1
8/25/17 13:00,0.096,17.8,0.138,17.2,0.126,17.8,0.124,17.2
8/25/17 14:00,0.098,19.5,0.139,18.8,0.128,19.6,0.124,18.3
8/25/17 15:00,0.099,20.9,0.14,20.1,0.129,21.3,0.125,19.1
8/25/17 16:00,0.1,21.9,0.141,21.4,0.131,23.2,0.126,20
8/25/17 17:00,0.1,21.9,0.142,21.7,0.132,23.6,0.126,20.3
8/25/17 18:00,0.1,21.5,0.141,21.4,0.132,23.2,0.125,20
8/25/17 19:00,0.098,19,0.14,19.2,0.13,20.2,0.124,18.3
8/25/17 20:00,0.097,17.4,0.139,17.8,0.129,18.3,0.123,17.3
8/25/17 21:00,0.096,16,0.138,16.4,0.128,16.6,0.123,16.1
8/25/17 22:00,0.095,14.7,0.137,15.2,0.127,15.1,0.122,15
8/25/17 23:00,0.094,13.6,0.136,14.2,0.126,13.9,0.122,13.9
8/26/17 0:00,0.094,12.6,0.136,13.3,0.125,12.7,0.122,13
8/26/17 1:00,0.093,11.8,0.136,12.5,0.124,11.9,0.121,12.2
8/26/17 2:00,0.093,11.1,0.135,11.8,0.124,11.1,0.121,11.4
8/26/17 3:00,0.092,10.4,0.134,11.1,0.123,10.3,0.121,10.7
8/26/17 4:00,0.091,9.6,0.133,10.5,0.123,9.5,0.121,10
8/26/17 5:00,0.091,9,0.133,9.8,0.122,8.9,0.12,9.4
8/26/17 6:00,0.09,8.5,0.133,9.3,0.121,8.4,0.12,8.8
8/26/17 7:00,0.09,8,0.133,8.8,0.121,7.8,0.119,8.3
8/26/17 8:00,0.09,7.6,0.132,8.5,0.121,7.4,0.119,8.1
8/26/17 9:00,0.09,8.3,0.132,8.7,0.121,8,0.12,9.3
8/26/17 10:00,0.092,10.8,0.133,10.3,0.122,10.4,0.121,11.9
8/26/17 11:00,0.094,13.7,0.135,13,0.124,13.4,0.123,14.2
8/26/17 12:00,0.096,17.5,0.138,16.4,0.126,17.7,0.125,17.1
8/26/17 13:00,0.1,21.3,0.14,20,0.13,22,0.127,19.3
8/26/17 14:00,0.102,24,0.143,22.7,0.133,24.9,0.128,20.6
8/26/17 15:00,0.105,25.9,0.145,24.7,0.134,26.9,0.129,22.1
8/26/17 16:00,0.106,27,0.145,25.7,0.136,28,0.129,23.3
8/26/17 17:00,0.106,27.1,0.146,25.9,0.136,28.1,0.13,23.8
8/26/17 18:00,0.106,26.3,0.146,25.4,0.135,27.4,0.129,23.7
8/26/17 19:00,0.103,24.1,0.145,23.9,0.133,25.3,0.129,23
8/26/17 20:00,0.101,21.6,0.142,21.7,0.132,22.5,0.127,21.4
8/26/17 21:00,0.099,19.5,0.141,19.8,0.13,20,0.126,19.5
8/26/17 22:00,0.098,17.7,0.139,18.1,0.129,18,0.125,17.9
8/26/17 23:00,0.097,16.3,0.139,16.8,0.127,16.5,0.125,16.6
8/27/17 0:00,0.096,15.1,0.138,15.7,0.126,15.2,0.124,15.4
8/27/17 1:00,0.095,14,0.137,14.7,0.125,14.1,0.123,14.4
8/27/17 2:00,0.094,13.1,0.137,13.7,0.125,13,0.123,13.4
8/27/17 3:00,0.094,12.2,0.136,12.9,0.124,12.1,0.122,12.6
8/27/17 4:00,0.093,11.4,0.136,12.1,0.123,11.3,0.122,11.8
8/27/17 5:00,0.093,10.7,0.135,11.5,0.123,10.6,0.121,11.1
8/27/17 6:00,0.092,10,0.134,10.9,0.122,9.9,0.121,10.4
8/27/17 7:00,0.092,9.4,0.134,10.3,0.121,9.3,0.121,9.8
8/27/17 8:00,0.091,9,0.133,9.8,0.121,8.9,0.121,9.5
8/27/17 9:00,0.091,9.4,0.133,10,0.121,9.2,0.121,10.5
8/27/17 10:00,0.092,11.6,0.134,11.4,0.122,11.3,0.122,12.8
8/27/17 11:00,0.094,14.6,0.136,13.9,0.123,14.3,0.123,15
8/27/17 12:00,0.097,18.3,0.138,17.4,0.126,18.2,0.125,17.7
8/27/17 13:00,0.1,22,0.14,20.9,0.129,22.3,0.127,19.9
8/27/17 14:00,0.103,25,0.143,23.7,0.132,25.5,0.128,21.4
8/27/17 15:00,0.106,27.1,0.145,25.8,0.134,27.9,0.129,22.9
8/27/17 16:00,0.107,28.2,0.147,26.9,0.135,29.1,0.129,24.2
8/27/17 17:00,0.107,28.3,0.147,27.1,0.136,29.2,0.129,24.7
8/27/17 18:00,0.106,27.5,0.146,26.5,0.135,28.4,0.129,24.5
8/27/17 19:00,0.103,25.4,0.145,25,0.133,26.3,0.128,23.8
8/27/17 20:00,0.101,23,0.142,22.9,0.131,23.6,0.126,22.3
8/27/17 21:00,0.099,20.9,0.141,20.9,0.129,21.2,0.125,20.5
8/27/17 22:00,0.098,19.1,0.139,19.3,0.128,19.2,0.124,18.9
8/27/17 23:00,0.097,17.6,0.139,17.9,0.126,17.7,0.123,17.6
8/28/17 0:00,0.096,16.4,0.138,16.8,0.125,16.4,0.122,16.4
8/28/17 1:00,0.094,15.3,0.137,15.8,0.124,15.2,0.122,15.4
8/28/17 2:00,0.094,14.3,0.136,14.8,0.123,14.2,0.121,14.4
8/28/17 3:00,0.094,13.4,0.136,14,0.123,13.2,0.121,13.5
8/28/17 4:00,0.093,12.5,0.135,13.1,0.122,12.4,0.12,12.7
8/28/17 5:00,0.092,11.8,0.134,12.5,0.121,11.6,0.12,12
8/28/17 6:00,0.092,11.2,0.134,11.8,0.121,11,0.12,11.4
8/28/17 7:00,0.092,10.5,0.133,11.2,0.12,10.3,0.119,10.8
8/28/17 8:00,0.091,10.1,0.133,10.8,0.12,9.8,0.119,10.4
8/28/17 9:00,0.091,10.4,0.133,10.9,0.12,10.2,0.119,11.2
8/28/17 10:00,0.092,12.3,0.133,12.2,0.121,12,0.12,13.2
8/28/17 11:00,0.094,15,0.135,14.5,0.122,14.7,0.121,15.2
8/28/17 12:00,0.096,18.3,0.137,17.5,0.124,18.1,0.122,17.6
8/28/17 13:00,0.099,21.6,0.14,20.7,0.127,21.7,0.124,19.7
8/28/17 14:00,0.101,24.4,0.142,23.3,0.13,24.8,0.125,21.4
8/28/17 15:00,0.104,26.6,0.144,25.3,0.132,27.1,0.125,23
8/28/17 16:00,0.104,27.3,0.145,26,0.133,27.8,0.126,23.7
8/28/17 17:00,0.104,27.3,0.145,26.2,0.133,27.9,0.125,24.2
8/28/17 18:00,0.103,26.8,0.144,25.9,0.132,27.5,0.125,24.2
8/28/17 19:00,0.101,25.2,0.143,24.7,0.13,25.9,0.124,23.6
8/28/17 20:00,0.099,23.2,0.142,22.9,0.128,23.6,0.122,22.3
8/28/17 21:00,0.097,21.2,0.14,21.1,0.126,21.3,0.121,20.6
8/28/17 22:00,0.096,19.4,0.139,19.5,0.125,19.4,0.12,19
8/28/17 23:00,0.094,18,0.138,18.2,0.123,18,0.119,17.8
8/29/17 0:00,0.094,16.8,0.137,17.1,0.122,16.7,0.119,16.7
8/29/17 1:00,0.093,15.7,0.136,16.1,0.121,15.6,0.118,15.7
8/29/17 2:00,0.092,14.8,0.136,15.2,0.121,14.6,0.118,14.8
8/29/17 3:00,0.092,13.9,0.135,14.4,0.12,13.7,0.117,13.9
8/29/17 4:00,0.092,13.1,0.134,13.6,0.119,12.9,0.117,13.2
8/29/17 5:00,0.091,12.4,0.134,12.9,0.119,12.2,0.117,12.5
8/29/17 6:00,0.09,11.7,0.133,12.3,0.118,11.5,0.116,11.8
8/29/17 7:00,0.09,11,0.133,11.7,0.118,10.8,0.116,11.2
8/29/17 8:00,0.089,10.6,0.132,11.2,0.117,10.4,0.115,10.8
8/29/17 9:00,0.089,11.2,0.133,11.6,0.118,10.9,0.116,11.7
8/29/17 10:00,0.09,13,0.133,12.9,0.118,12.8,0.117,13.6
8/29/17 11:00,0.092,15.1,0.135,14.8,0.12,14.9,0.117,15.3
8/29/17 12:00,0.094,18.6,0.137,17.9,0.122,18.4,0.119,17.9
8/29/17 13:00,0.097,22.1,0.139,21.1,0.125,22.2,0.12,20.1
8/29/17 14:00,0.098,23.2,0.14,22.3,0.127,23.4,0.12,20.9
8/29/17 15:00,0.099,24.2,0.141,23.2,0.128,24.3,0.121,22
8/29/17 16:00,0.101,26.1,0.142,24.9,0.129,26.5,0.121,23.4
8/29/17 17:00,0.101,26.4,0.142,25.3,0.129,27,0.121,23.5
8/29/17 18:00,0.099,24.8,0.142,24.1,0.128,25.3,0.119,22.6
8/29/17 19:00,0.097,23.2,0.141,22.8,0.126,23.7,0.119,22
8/29/17 20:00,0.096,21.7,0.139,21.5,0.124,22,0.118,21
8/29/17 21:00,0.094,19.9,0.138,19.9,0.122,20,0.117,19.4
8/29/17 22:00,0.093,18.3,0.137,18.4,0.121,18.3,0.116,18
8/29/17 23:00,0.093,17.2,0.136,17.4,0.12,17.1,0.115,17
8/30/17 0:00,0.092,16.2,0.136,16.4,0.119,16,0.115,16.1
8/30/17 1:00,0.091,15.3,0.135,15.6,0.119,15.1,0.114,15.2
8/30/17 2:00,0.09,14.4,0.134,14.8,0.118,14.3,0.114,14.4
8/30/17 3:00,0.09,13.7,0.133,14.1,0.117,13.5,0.113,13.7
8/30/17 4:00,0.09,13,0.133,13.4,0.117,12.8,0.113,13.1
8/30/17 5:00,0.09,12.7,0.133,13.1,0.117,12.5,0.113,12.8
8/30/17 6:00,0.089,12.4,0.133,12.8,0.117,12.2,0.113,12.4
8/30/17 7:00,0.089,11.9,0.132,12.3,0.117,11.6,0.112,11.9
8/30/17 8:00,0.089,11.8,0.132,12.2,0.117,11.7,0.112,11.9
8/30/17 9:00,0.089,12.2,0.132,12.5,0.117,12,0.112,12.4
8/30/17 10:00,0.089,13.6,0.133,13.5,0.117,13.4,0.113,13.9
8/30/17 11:00,0.091,15.9,0.134,15.5,0.118,15.6,0.114,15.9
8/30/17 12:00,0.093,18.2,0.136,17.7,0.12,18.1,0.115,17.6
8/30/17 13:00,0.095,21.4,0.138,20.7,0.123,21.5,0.116,19.7
8/30/17 14:00,0.097,23.9,0.14,22.9,0.125,24.1,0.117,21.2
8/30/17 15:00,0.099,25.6,0.141,24.7,0.127,26.1,0.117,22.7
8/30/17 16:00,0.098,24.6,0.141,23.8,0.126,24.9,0.117,22.2
8/30/17 17:00,0.096,22.1,0.139,21.7,0.123,22.2,0.115,20.7
8/30/17 18:00,0.094,21.5,0.138,21.1,0.122,21.5,0.115,20.5
8/30/17 19:00,0.094,21,0.138,20.7,0.121,21,0.114,20.2
8/30/17 20:00,0.094,20.1,0.137,19.8,0.121,20.1,0.114,19.3
8/30/17 21:00,0.093,19,0.136,18.8,0.119,18.9,0.113,18.4
8/30/17 22:00,0.092,18.2,0.136,18.1,0.119,18,0.112,17.7
8/30/17 23:00,0.092,17.5,0.135,17.4,0.118,17.4,0.112,17.1
8/31/17 0:00,0.091,16.7,0.134,16.7,0.118,16.5,0.112,16.3
8/31/17 1:00,0.09,15.8,0.134,15.9,0.117,15.7,0.112,15.6
8/31/17 2:00,0.09,15.2,0.134,15.4,0.117,15.1,0.111,15.1
8/31/17 3:00,0.09,14.6,0.133,14.8,0.117,14.4,0.111,14.4
8/31/17 4:00,0.089,14,0.133,14.3,0.116,13.8,0.111,13.9
8/31/17 5:00,0.089,13.4,0.133,13.7,0.116,13.2,0.111,13.4
8/31/17 6:00,0.089,12.8,0.133,13.1,0.116,12.6,0.11,12.7
8/31/17 7:00,0.089,12.2,0.132,12.6,0.115,12,0.11,12.2
8/31/17 8:00,0.088,11.8,0.131,12.2,0.115,11.6,0.11,11.9
8/31/17 9:00,0.088,12.2,0.131,12.4,0.115,12,0.11,12.7
8/31/17 10:00,0.089,14,0.132,13.7,0.116,13.7,0.111,14.4
8/31/17 11:00,0.091,16.3,0.133,15.8,0.118,16.1,0.112,16.2
8/31/17 12:00,0.092,17.8,0.135,17.3,0.119,17.7,0.112,17.2
8/31/17 13:00,0.094,19.7,0.136,19,0.121,19.6,0.113,18.7
8/31/17 14:00,0.094,20.7,0.136,20.1,0.121,20.7,0.114,19.6
8/31/17 15:00,0.094,21.5,0.137,20.8,0.122,21.5,0.114,20.2
8/31/17 16:00,0.094,21.7,0.138,21.1,0.122,21.8,0.114,20.5
8/31/17 17:00,0.095,22.4,0.138,21.8,0.123,22.6,0.114,21.1
8/31/17 18:00,0.095,22.7,0.138,22.1,0.123,23.1,0.114,21.4
8/31/17 19:00,0.094,21.8,0.138,21.5,0.122,22.3,0.113,21
8/31/17 20:00,0.093,20.3,0.136,20.1,0.12,20.5,0.112,19.8
8/31/17 21:00,0.092,18.7,0.136,18.6,0.119,18.8,0.111,18.4
8/31/17 22:00,0.092,17.3,0.135,17.4,0.118,17.3,0.111,17.2
8/31/17 23:00,0.09,16.3,0.134,16.4,0.117,16.2,0.11,16.2
9/1/17 0:00,0.09,15.7,0.134,15.9,0.117,15.6,0.11,15.7
9/1/17 1:00,0.089,15.1,0.133,15.3,0.116,15,0.109,15.1
9/1/17 2:00,0.089,14.3,0.133,14.6,0.116,14.2,0.109,14.3
9/1/17 3:00,0.089,13.5,0.132,13.8,0.115,13.4,0.109,13.6
9/1/17 4:00,0.088,12.7,0.132,13.1,0.115,12.6,0.109,12.9
9/1/17 5:00,0.087,12.1,0.131,12.5,0.115,12,0.108,12.2
9/1/17 6:00,0.087,11.5,0.131,12,0.114,11.4,0.108,11.7
9/1/17 7:00,0.087,11,0.13,11.4,0.114,10.8,0.108,11.1
9/1/17 8:00,0.087,10.5,0.13,11,0.113,10.4,0.107,10.7
9/1/17 9:00,0.087,10.8,0.13,11.1,0.113,10.5,0.107,11.4
9/1/17 10:00,0.088,12.5,0.131,12.1,0.114,12.2,0.109,13.4
9/1/17 11:00,0.09,15.1,0.133,14.5,0.116,14.6,0.109,15.3
9/1/17 12:00,0.092,18.4,0.135,17.6,0.119,18.1,0.111,17.7
9/1/17 13:00,0.094,21.6,0.136,20.5,0.121,21.4,0.112,19.4
9/1/17 14:00,0.096,23.9,0.139,22.8,0.124,24,0.112,20.6
9/1/17 15:00,0.097,25.6,0.14,24.4,0.125,25.8,0.112,21.8
9/1/17 16:00,0.099,26.5,0.141,25.3,0.126,27,0.112,22.8
9/1/17 17:00,0.098,26.5,0.141,25.3,0.126,27.1,0.112,23.1
9/1/17 18:00,0.097,25.6,0.141,24.9,0.125,26.5,0.112,23
9/1/17 19:00,0.095,23.8,0.139,23.4,0.123,24.6,0.111,22.4
9/1/17 20:00,0.093,21.8,0.137,21.6,0.12,22.3,0.11,21
9/1/17 21:00,0.092,19.9,0.136,19.9,0.118,20.1,0.108,19.4
9/1/17 22:00,0.091,18.3,0.134,18.4,0.117,18.4,0.107,18
9/1/17 23:00,0.09,17,0.134,17.2,0.116,17.1,0.107,16.9
9/2/17 0:00,0.089,16,0.133,16.2,0.115,16,0.107,15.9
9/2/17 1:00,0.089,15,0.133,15.3,0.115,15,0.106,15
9/2/17 2:00,0.088,14.1,0.133,14.5,0.114,14,0.106,14.1
9/2/17 3:00,0.088,13.3,0.132,13.7,0.113,13.2,0.105,13.3
9/2/17 4:00,0.087,12.5,0.131,13,0.113,12.4,0.105,12.6
9/2/17 5:00,0.087,11.9,0.13,12.3,0.112,11.7,0.105,11.9
9/2/17 6:00,0.086,11.2,0.13,11.7,0.112,11,0.104,11.3
9/2/17 7:00,0.086,10.6,0.13,11.1,0.112,10.4,0.104,10.6
9/2/17 8:00,0.086,10,0.129,10.6,0.112,9.8,0.104,10.2
9/2/17 9:00,0.086,10.1,0.129,10.6,0.112,9.9,0.104,10.8
9/2/17 10:00,0.086,11.9,0.129,11.6,0.112,11.5,0.105,12.8
9/2/17 11:00,0.088,14.5,0.131,13.9,0.114,13.9,0.106,14.6
9/2/17 12:00,0.09,17.8,0.134,17.1,0.117,17.4,0.107,17.1
9/2/17 13:00,0.093,21.4,0.136,20.4,0.12,21.3,0.107,19.2
9/2/17 14:00,0.095,24.2,0.138,23.1,0.122,24.4,0.108,20.8
9/2/17 15:00,0.097,26.2,0.139,25,0.124,26.6,0.109,22.3
9/2/17 16:00,0.098,27.2,0.141,26,0.125,27.8,0.109,23.5
9/2/17 17:00,0.097,27.3,0.141,26.2,0.125,28,0.108,23.9
9/2/17 18:00,0.096,26.4,0.14,25.6,0.123,27.3,0.107,23.8
9/2/17 19:00,0.094,24.5,0.139,24.1,0.12,25.3,0.106,23.1
9/2/17 20:00,0.092,22.4,0.137,22.2,0.117,22.9,0.105,21.6
9/2/17 21:00,0.091,20.6,0.136,20.5,0.115,20.8,0.104,20
9/2/17 22:00,0.09,19,0.135,19.1,0.114,19.1,0.103,18.7
9/2/17 23:00,0.089,17.8,0.134,17.9,0.113,17.8,0.102,17.6
9/3/17 0:00,0.089,16.7,0.133,16.9,0.113,16.7,0.101,16.5
9/3/17 1:00,0.088,15.7,0.133,16,0.112,15.6,0.101,15.6
9/3/17 2:00,0.087,14.9,0.132,15.2,0.112,14.7,0.101,14.7
9/3/17 3:00,0.087,14,0.131,14.4,0.111,13.9,0.101,14
9/3/17 4:00,0.087,13.2,0.131,13.6,0.111,13.1,0.1,13.2
9/3/17 5:00,0.086,12.5,0.13,12.9,0.11,12.3,0.1,12.5
9/3/17 6:00,0.086,11.8,0.13,12.3,0.11,11.6,0.1,11.8
9/3/17 7:00,0.086,11.2,0.129,11.7,0.11,11,0.099,11.2
9/3/17 8:00,0.086,10.7,0.129,11.3,0.11,10.5,0.099,10.8
9/3/17 9:00,0.086,10.9,0.129,11.3,0.11,10.6,0.099,11.3
9/3/17 10:00,0.086,12.3,0.129,12.2,0.11,12,0.1,13
9/3/17 11:00,0.087,14.7,0.13,14.2,0.112,14.3,0.101,14.8
9/3/17 12:00,0.089,17.8,0.133,17.1,0.114,17.4,0.102,17.1
9/3/17 13:00,0.092,21.3,0.135,20.5,0.117,21.2,0.103,19.3
9/3/17 14:00,0.094,24.3,0.137,23.3,0.12,24.5,0.103,21
9/3/17 15:00,0.096,26.3,0.139,25.2,0.121,26.8,0.103,22.6
9/3/17 16:00,0.097,27.4,0.141,26.3,0.122,28.1,0.103,23.8
9/3/17 17:00,0.096,27.5,0.141,26.5,0.121,28.2,0.103,24.2
9/3/17 18:00,0.095,26.6,0.14,25.9,0.119,27.5,0.102,24.1
9/3/17 19:00,0.093,24.9,0.138,24.5,0.117,25.7,0.101,23.5
9/3/17 20:00,0.091,23,0.137,22.7,0.114,23.4,0.1,22
9/3/17 21:00,0.09,21.1,0.135,21,0.112,21.3,0.098,20.4
9/3/17 22:00,0.089,19.5,0.133,19.5,0.111,19.6,0.097,19
9/3/17 23:00,0.088,18.2,0.133,18.3,0.11,18.2,0.096,17.8
9/4/17 0:00,0.087,17.1,0.132,17.2,0.109,17,0.096,16.8
9/4/17 1:00,0.087,16,0.131,16.3,0.109,15.9,0.095,15.8
9/4/17 2:00,0.086,15.1,0.131,15.4,0.108,14.9,0.095,14.9
9/4/17 3:00,0.086,14.2,0.13,14.5,0.108,14,0.095,14
9/4/17 4:00,0.086,13.4,0.13,13.8,0.107,13.2,0.095,13.3
9/4/17 5:00,0.086,12.7,0.129,13.1,0.107,12.5,0.095,12.6
9/4/17 6:00,0.085,12.1,0.129,12.5,0.107,11.9,0.094,12
9/4/17 7:00,0.085,11.5,0.128,12,0.107,11.3,0.094,11.4
9/4/17 8:00,0.085,11,0.127,11.5,0.107,10.8,0.094,11
9/4/17 9:00,0.085,11.1,0.128,11.5,0.107,10.9,0.094,11.3
9/4/17 10:00,0.085,12.2,0.128,12.3,0.107,12,0.094,12.6
9/4/17 11:00,0.086,14,0.129,13.9,0.108,13.7,0.095,14.2
9/4/17 12:00,0.087,16.8,0.131,16.4,0.11,16.5,0.096,16.3
9/4/17 13:00,0.09,19.8,0.133,19.2,0.113,19.7,0.097,18.4
9/4/17 14:00,0.092,22.5,0.135,21.7,0.116,22.7,0.098,20.2
9/4/17 15:00,0.093,24.4,0.136,23.3,0.117,24.6,0.098,21.6
9/4/17 16:00,0.093,25.1,0.137,24.1,0.117,25.4,0.098,22.3
9/4/17 17:00,0.093,25.2,0.137,24.3,0.116,25.6,0.097,22.6
9/4/17 18:00,0.092,24.5,0.137,23.9,0.115,25.1,0.096,22.5
9/4/17 19:00,0.091,23.1,0.136,22.7,0.112,23.7,0.095,21.9
9/4/17 20:00,0.089,21.5,0.135,21.2,0.11,21.8,0.094,20.7
9/4/17 21:00,0.088,19.8,0.133,19.7,0.108,19.9,0.093,19.2
9/4/17 22:00,0.087,18.3,0.133,18.3,0.107,18.3,0.092,17.9
9/4/17 23:00,0.086,17.1,0.132,17.2,0.107,17.1,0.091,16.8
9/5/17 0:00,0.086,16,0.131,16.2,0.107,16,0.091,15.8
9/5/17 1:00,0.086,15,0.13,15.3,0.106,14.9,0.09,14.8
9/5/17 2:00,0.085,14.1,0.13,14.5,0.106,14,0.09,14
9/5/17 3:00,0.085,13.2,0.13,13.6,0.105,13.1,0.09,13.2
9/5/17 4:00,0.085,12.5,0.129,12.9,0.105,12.4,0.09,12.5
9/5/17 5:00,0.084,11.8,0.128,12.3,0.105,11.7,0.089,11.8
9/5/17 6:00,0.084,11.1,0.128,11.6,0.104,11,0.089,11.2
9/5/17 7:00,0.084,10.5,0.127,11,0.104,10.4,0.089,10.5
9/5/17 8:00,0.084,9.9,0.127,10.5,0.104,9.8,0.089,10
9/5/17 9:00,0.083,10,0.127,10.5,0.104,9.8,0.089,10.4
9/5/17 10:00,0.084,11.3,0.127,11.4,0.105,11,0.09,11.8
9/5/17 11:00,0.085,13.4,0.129,13.2,0.106,12.9,0.09,13.6
9/5/17 12:00,0.086,16.3,0.131,15.9,0.108,15.8,0.091,15.9
9/5/17 13:00,0.088,19.6,0.132,19,0.111,19.4,0.093,17.8
9/5/17 14:00,0.09,22.3,0.134,21.4,0.113,22.4,0.093,19.3
9/5/17 15:00,0.092,24.3,0.136,23.3,0.115,24.7,0.094,20.9
9/5/17 16:00,0.093,25.5,0.137,24.6,0.116,26.1,0.094,22
9/5/17 17:00,0.093,25.8,0.138,24.9,0.115,26.7,0.094,22.6
9/5/17 18:00,0.091,24.9,0.137,24.5,0.113,26.1,0.094,22.6
9/5/17 19:00,0.09,23.2,0.136,23,0.111,24.3,0.093,22
9/5/17 20:00,0.088,21.3,0.133,21.2,0.108,21.9,0.091,20.5
9/5/17 21:00,0.087,19.4,0.132,19.4,0.106,19.7,0.09,18.9
9/5/17 22:00,0.086,17.8,0.131,18,0.105,18,0.089,17.5
9/5/17 23:00,0.086,16.6,0.13,16.8,0.105,16.7,0.089,16.4
9/6/17 0:00,0.085,15.4,0.13,15.7,0.104,15.5,0.088,15.3
9/6/17 1:00,0.084,14.4,0.129,14.8,0.104,14.4,0.088,14.3
9/6/17 2:00,0.084,13.4,0.129,13.8,0.103,13.3,0.088,13.4
9/6/17 3:00,0.084,12.5,0.128,13,0.103,12.4,0.087,12.5
9/6/17 4:00,0.084,11.8,0.128,12.3,0.102,11.6,0.087,11.8
9/6/17 5:00,0.083,11,0.127,11.6,0.102,10.9,0.087,11
9/6/17 6:00,0.082,10.3,0.126,10.9,0.102,10.2,0.086,10.4
9/6/17 7:00,0.082,9.6,0.126,10.3,0.102,9.5,0.086,9.7
9/6/17 8:00,0.082,9.1,0.125,9.7,0.102,8.9,0.086,9.2
9/6/17 9:00,0.082,9.1,0.125,9.7,0.102,8.9,0.086,9.5
9/6/17 10:00,0.083,10.4,0.125,10.6,0.102,10.1,0.087,11
9/6/17 11:00,0.084,12.6,0.127,12.4,0.104,12.2,0.088,12.8
9/6/17 12:00,0.086,15.6,0.129,15.2,0.106,15.1,0.088,15
9/6/17 13:00,0.088,19.2,0.132,18.5,0.109,19,0.089,17.3
9/6/17 14:00,0.09,22.1,0.134,21.3,0.112,22.3,0.09,19.1
9/6/17 15:00,0.091,24.2,0.136,23.1,0.113,24.6,0.091,20.8
9/6/17 16:00,0.092,25.2,0.136,24.2,0.113,25.7,0.091,21.9
9/6/17 17:00,0.091,25,0.136,24.1,0.112,25.6,0.091,22.2
9/6/17 18:00,0.09,24.2,0.136,23.6,0.11,24.9,0.09,22.2
9/6/17 19:00,0.089,23.1,0.135,22.6,0.108,23.7,0.089,21.6
9/6/17 20:00,0.087,21.6,0.133,21.2,0.106,22,0.088,20.5
9/6/17 21:00,0.086,20,0.132,19.8,0.104,20.2,0.087,19.2
9/6/17 22:00,0.086,18.4,0.131,18.4,0.103,18.5,0.086,17.8
9/6/17 23:00,0.085,17.2,0.13,17.2,0.102,17.2,0.086,16.7
9/7/17 0:00,0.085,16.1,0.129,16.2,0.102,16,0.085,15.7
9/7/17 1:00,0.084,15.1,0.129,15.3,0.102,15,0.085,14.8
9/7/17 2:00,0.084,14.2,0.129,14.5,0.101,14.1,0.085,14
9/7/17 3:00,0.084,13.4,0.128,13.7,0.101,13.3,0.085,13.2
9/7/17 4:00,0.084,12.7,0.128,13,0.101,12.5,0.085,12.6
9/7/17 5:00,0.083,12,0.127,12.4,0.101,11.9,0.084,11.9
9/7/17 6:00,0.082,11.4,0.127,11.8,0.101,11.3,0.084,11.3
9/7/17 7:00,0.082,10.8,0.126,11.3,0.1,10.7,0.084,10.8
9/7/17 8:00,0.082,10.3,0.125,10.8,0.1,10.1,0.084,10.3
9/7/17 9:00,0.082,10.4,0.125,10.9,0.101,10.2,0.084,10.6
9/7/17 10:00,0.082,11.4,0.125,11.6,0.101,11.2,0.084,11.8
9/7/17 11:00,0.083,13.3,0.126,13.2,0.102,13,0.085,13.3
9/7/17 12:00,0.085,15.8,0.129,15.4,0.104,15.5,0.086,15.4
9/7/17 13:00,0.086,18.7,0.131,18,0.106,18.6,0.086,17.4
9/7/17 14:00,0.088,21.4,0.132,20.5,0.108,21.5,0.087,19.2
9/7/17 15:00,0.089,23.2,0.133,22.3,0.109,23.5,0.088,20.7
9/7/17 16:00,0.09,24.3,0.134,23.3,0.11,24.7,0.088,21.7
9/7/17 17:00,0.09,24.5,0.135,23.6,0.109,25.1,0.088,22.1
9/7/17 18:00,0.089,23.7,0.134,23.1,0.107,24.5,0.087,21.9
9/7/17 19:00,0.087,22.3,0.133,21.9,0.105,23,0.086,21.2
9/7/17 20:00,0.086,20.7,0.132,20.4,0.103,21.1,0.086,19.8
9/7/17 21:00,0.085,18.9,0.131,18.8,0.101,19.1,0.085,18.3
9/7/17 22:00,0.085,17.5,0.13,17.5,0.101,17.6,0.084,17.1
9/7/17 23:00,0.084,16.3,0.129,16.4,0.1,16.4,0.083,16
9/8/17 0:00,0.084,15.4,0.129,15.5,0.1,15.3,0.083,15.1
9/8/17 1:00,0.083,14.5,0.128,14.7,0.1,14.4,0.083,14.3
9/8/17 2:00,0.083,13.6,0.128,13.9,0.099,13.5,0.082,13.5
9/8/17 3:00,0.082,12.8,0.127,13.2,0.099,12.7,0.082,12.7
9/8/17 4:00,0.082,12.1,0.127,12.5,0.099,12,0.082,12
9/8/17 5:00,0.082,11.4,0.126,11.9,0.098,11.3,0.082,11.4
9/8/17 6:00,0.081,10.8,0.125,11.3,0.098,10.7,0.082,10.8
9/8/17 7:00,0.081,10.3,0.125,10.8,0.098,10.1,0.082,10.3
9/8/17 8:00,0.081,9.7,0.124,10.3,0.098,9.6,0.082,9.8
9/8/17 9:00,0.081,9.8,0.124,10.4,0.098,9.7,0.082,10.1
9/8/17 10:00,0.081,11.1,0.125,11.2,0.099,10.8,0.082,11.5
9/8/17 11:00,0.082,13.1,0.126,12.9,0.1,12.8,0.083,13.2
9/8/17 12:00,0.084,15.9,0.128,15.5,0.102,15.5,0.084,15.5
9/8/17 13:00,0.086,18.8,0.13,18.2,0.104,18.7,0.085,17.5
9/8/17 14:00,0.086,20,0.131,19.3,0.105,20,0.085,18.4
9/8/17 15:00,0.087,21,0.131,20.3,0.106,21.1,0.086,19.4
9/8/17 16:00,0.088,22.3,0.133,21.6,0.107,22.6,0.086,20.6
9/8/17 17:00,0.088,22.5,0.133,21.8,0.107,23,0.086,20.5
9/8/17 18:00,0.087,22.1,0.133,21.6,0.105,22.8,0.085,20.8
9/8/17 19:00,0.086,21.5,0.133,21.1,0.104,22.2,0.085,20.7
9/8/17 20:00,0.086,20,0.131,19.8,0.102,20.5,0.084,19.5
9/8/17 21:00,0.085,18.7,0.13,18.5,0.101,18.9,0.083,18.4
9/8/17 22:00,0.084,17.9,0.129,17.8,0.1,18,0.083,17.6
9/8/17 23:00,0.084,17.3,0.129,17.2,0.1,17.3,0.082,17.1
9/9/17 0:00,0.084,16.7,0.128,16.6,0.099,16.7,0.082,16.5
9/9/17 1:00,0.083,16,0.128,16,0.099,16.1,0.082,15.9
9/9/17 2:00,0.082,15,0.127,15.1,0.099,15,0.081,14.8
9/9/17 3:00,0.082,14,0.127,14.2,0.098,14,0.081,14
9/9/17 4:00,0.082,13.2,0.127,13.5,0.098,13.2,0.081,13.2
9/9/17 5:00,0.082,12.5,0.126,12.8,0.098,12.5,0.08,12.6
9/9/17 6:00,0.081,12,0.125,12.3,0.098,11.9,0.08,12
9/9/17 7:00,0.081,11.5,0.125,11.8,0.098,11.4,0.08,11.5
9/9/17 8:00,0.081,11.2,0.125,11.6,0.098,11.1,0.08,11.3
9/9/17 9:00,0.081,11.4,0.125,11.7,0.098,11.3,0.081,11.6
9/9/17 10:00,0.081,12.2,0.125,12.4,0.098,12.1,0.081,12.5
9/9/17 11:00,0.083,14.2,0.126,14.1,0.1,14.1,0.082,14.3
9/9/17 12:00,0.084,17,0.128,16.6,0.101,16.9,0.083,16.6
9/9/17 13:00,0.086,20.4,0.13,19.6,0.104,20.3,0.084,18.7
9/9/17 14:00,0.087,21.5,0.131,20.7,0.105,21.6,0.084,19.4
9/9/17 15:00,0.087,22,0.132,21.2,0.105,22.1,0.085,20.1
9/9/17 16:00,0.088,23.4,0.133,22.5,0.106,23.7,0.085,21.2
9/9/17 17:00,0.089,24.2,0.133,23.2,0.106,24.7,0.085,21.7
9/9/17 18:00,0.087,23.4,0.133,22.8,0.105,24.3,0.085,21.6
9/9/17 19:00,0.086,21.6,0.132,21.3,0.102,22.4,0.084,20.6
9/9/17 20:00,0.085,20,0.13,19.8,0.101,20.4,0.083,19.4
9/9/17 21:00,0.084,18.7,0.129,18.6,0.099,19,0.082,18.3
9/9/17 22:00,0.084,17.8,0.129,17.7,0.099,17.9,0.081,17.5
9/9/17 23:00,0.084,17.1,0.128,17.1,0.098,17.2,0.081,16.9
9/10/17 0:00,0.083,16.6,0.128,16.6,0.098,16.7,0.081,16.4
9/10/17 1:00,0.082,16.2,0.127,16.2,0.098,16.2,0.08,16
9/10/17 2:00,0.082,15.8,0.127,15.8,0.098,15.8,0.08,15.6
9/10/17 3:00,0.082,15.4,0.127,15.4,0.098,15.4,0.08,15.2
9/10/17 4:00,0.082,14.9,0.127,14.9,0.098,14.8,0.08,14.7
9/10/17 5:00,0.082,14.6,0.127,14.7,0.098,14.6,0.08,14.5
9/10/17 6:00,0.082,14.6,0.127,14.6,0.098,14.5,0.08,14.4
9/10/17 7:00,0.082,14.6,0.127,14.6,0.098,14.5,0.08,14.4
9/10/17 8:00,0.082,14.5,0.126,14.5,0.098,14.5,0.08,14.3
9/10/17 9:00,0.082,14.4,0.126,14.5,0.098,14.4,0.08,14.3
9/10/17 10:00,0.082,14.7,0.126,14.7,0.098,14.6,0.08,14.6
9/10/17 11:00,0.083,15.7,0.127,15.7,0.099,15.7,0.081,15.8
9/10/17 12:00,0.084,17.5,0.129,17.4,0.1,17.6,0.082,17.5
9/10/17 13:00,0.086,19.5,0.13,19.3,0.102,19.7,0.082,18.7
9/10/17 14:00,0.087,22.1,0.132,21.5,0.104,22.3,0.083,20.3
9/10/17 15:00,0.088,23.9,0.133,23,0.105,24.2,0.084,21.4
9/10/17 16:00,0.088,23.7,0.133,23,0.105,24,0.084,21.6
9/10/17 17:00,0.087,23.2,0.133,22.6,0.104,23.5,0.084,21.6
9/10/17 18:00,0.087,23,0.133,22.7,0.103,23.7,0.084,21.7
9/10/17 19:00,0.086,21.7,0.132,21.5,0.102,22.4,0.083,21
9/10/17 20:00,0.085,20.1,0.131,19.9,0.1,20.5,0.082,19.6
9/10/17 21:00,0.084,18.5,0.129,18.5,0.099,18.7,0.081,18.2
9/10/17 22:00,0.084,17.2,0.128,17.3,0.098,17.3,0.08,17
9/10/17 23:00,0.082,16.1,0.127,16.3,0.098,16.2,0.08,16
9/11/17 0:00,0.082,15.2,0.127,15.4,0.098,15.2,0.08,15.1
9/11/17 1:00,0.082,14.3,0.127,14.6,0.098,14.3,0.079,14.3
9/11/17 2:00,0.082,13.5,0.126,13.9,0.097,13.5,0.079,13.5
9/11/17 3:00,0.081,12.8,0.125,13.2,0.097,12.8,0.079,12.9
9/11/17 4:00,0.081,12.2,0.125,12.6,0.097,12.1,0.079,12.2
9/11/17 5:00,0.081,11.6,0.125,12,0.097,11.5,0.079,11.7
9/11/17 6:00,0.081,11,0.124,11.5,0.096,11,0.079,11.1
9/11/17 7:00,0.08,10.5,0.124,11,0.096,10.5,0.079,10.6
9/11/17 8:00,0.08,10.1,0.124,10.6,0.096,10,0.078,10.2
9/11/17 9:00,0.08,10.1,0.124,10.5,0.096,9.9,0.078,10.4
9/11/17 10:00,0.081,11.3,0.124,11.2,0.097,11.1,0.079,12
9/11/17 11:00,0.082,13.7,0.125,13.2,0.098,13.1,0.08,13.8
9/11/17 12:00,0.084,16.7,0.127,16.2,0.1,15.9,0.081,16.1
9/11/17 13:00,0.086,20.3,0.13,19.5,0.103,19.9,0.082,18.3
9/11/17 14:00,0.088,23,0.132,22,0.106,23.1,0.083,20
9/11/17 15:00,0.089,24.8,0.133,23.7,0.107,25.1,0.084,21.4
9/11/17 16:00,0.09,25.6,0.134,24.5,0.108,26.1,0.084,22.2
9/11/17 17:00,0.089,25.7,0.135,24.8,0.107,26.5,0.084,22.5
9/11/17 18:00,0.088,24.6,0.134,24.1,0.106,25.7,0.083,22.3
9/11/17 19:00,0.086,22.7,0.133,22.5,0.103,23.8,0.082,21.6
9/11/17 20:00,0.085,20.9,0.131,20.7,0.1,21.5,0.081,20.1
9/11/17 21:00,0.084,19.2,0.129,19.1,0.099,19.5,0.08,18.6
9/11/17 22:00,0.084,17.8,0.128,17.8,0.098,18,0.079,17.4
9/11/17 23:00,0.083,16.6,0.128,16.8,0.097,16.7,0.078,16.4
9/12/17 0:00,0.082,15.6,0.127,15.8,0.097,15.6,0.078,15.4
9/12/17 1:00,0.082,14.7,0.127,15,0.096,14.7,0.078,14.5
9/12/17 2:00,0.082,13.8,0.126,14.2,0.096,13.8,0.078,13.7
9/12/17 3:00,0.081,13,0.125,13.4,0.096,13,0.077,13
9/12/17 4:00,0.081,12.3,0.125,12.7,0.096,12.3,0.077,12.3
9/12/17 5:00,0.081,11.7,0.124,12.1,0.096,11.6,0.077,11.7
9/12/17 6:00,0.081,11,0.124,11.5,0.095,10.9,0.077,11
9/12/17 7:00,0.08,10.5,0.124,11,0.095,10.4,0.077,10.5
9/12/17 8:00,0.079,9.9,0.123,10.5,0.095,9.8,0.077,10
9/12/17 9:00,0.079,9.9,0.122,10.4,0.095,9.7,0.077,10.2
9/12/17 10:00,0.08,11.1,0.123,11,0.096,10.8,0.077,11.7
9/12/17 11:00,0.081,13.3,0.124,12.9,0.097,12.8,0.078,13.6
9/12/17 12:00,0.083,16.4,0.127,15.9,0.099,15.6,0.079,15.9
9/12/17 13:00,0.086,19.9,0.129,19.2,0.102,19.5,0.08,18
9/12/17 14:00,0.087,22.5,0.131,21.6,0.104,22.6,0.081,19.6
9/12/17 15:00,0.087,23.3,0.132,22.4,0.105,23.6,0.081,20.4
9/12/17 16:00,0.088,24.3,0.133,23.3,0.105,24.7,0.082,21.3
9/12/17 17:00,0.088,24.5,0.133,23.7,0.104,25.1,0.081,21.8
9/12/17 18:00,0.086,23.6,0.133,23.1,0.102,24.6,0.081,21.7
9/12/17 19:00,0.085,21.9,0.131,21.6,0.1,22.8,0.08,20.9
9/12/17 20:00,0.084,20.1,0.129,20,0.098,20.6,0.079,19.4
9/12/17 21:00,0.083,18.5,0.128,18.5,0.096,18.8,0.078,18.1
9/12/17 22:00,0.082,17.4,0.127,17.4,0.096,17.6,0.077,17.1
9/12/17 23:00,0.082,16.4,0.127,16.5,0.095,16.5,0.077,16.2
9/13/17 0:00,0.081,15.5,0.126,15.7,0.095,15.5,0.076,15.3
9/13/17 1:00,0.081,14.8,0.125,15,0.095,14.7,0.076,14.6
9/13/17 2:00,0.081,14.1,0.125,14.3,0.094,14,0.076,13.9
9/13/17 3:00,0.081,13.5,0.125,13.8,0.094,13.4,0.076,13.4
9/13/17 4:00,0.081,13.1,0.125,13.3,0.094,13,0.075,13
9/13/17 5:00,0.08,12.7,0.124,13,0.094,12.6,0.075,12.6
9/13/17 6:00,0.08,12.3,0.124,12.6,0.094,12.2,0.075,12.2
9/13/17 7:00,0.08,11.9,0.124,12.2,0.094,11.8,0.075,11.9
9/13/17 8:00,0.081,11.9,0.125,12.1,0.095,11.9,0.073,11.9
9/13/17 9:00,0.082,12,0.125,12.2,0.096,11.9,0.073,12
9/13/17 10:00,0.083,13,0.126,12.8,0.097,12.8,0.074,13.2
9/13/17 11:00,0.084,14.7,0.127,14.2,0.098,14.3,0.074,14.8
9/13/17 12:00,0.086,17.4,0.129,16.5,0.101,16.8,0.075,16.9
9/13/17 13:00,0.088,20.5,0.132,19.5,0.106,20.3,0.077,19.3
9/13/17 14:00,0.092,18.8,0.133,18.4,0.106,18.9,0.08,17.9
9/13/17 15:00,0.107,19.4,0.14,19.1,0.125,20.3,0.083,18.8
9/13/17 16:00,0.12,20.9,0.146,20.2,0.139,21.4,0.086,19.6
9/13/17 17:00,0.125,20.7,0.148,20.2,0.142,21.1,0.088,19.3
9/13/17 18:00,0.126,19.6,0.148,19.5,0.142,20.1,0.091,18.7
9/13/17 19:00,0.125,17.5,0.148,17.6,0.141,17.6,0.091,17.2
9/13/17 20:00,0.125,15.8,0.147,16,0.141,15.7,0.092,15.6
9/13/17 21:00,0.124,14.7,0.147,15,0.14,14.5,0.093,14.6
9/13/17 22:00,0.124,14.1,0.147,14.4,0.14,13.9,0.094,14
9/13/17 23:00,0.125,13.3,0.148,13.6,0.141,13.1,0.095,13.1
9/14/17 0:00,0.125,12.6,0.147,12.9,0.142,12.4,0.096,12.5
9/14/17 1:00,0.125,12.4,0.148,12.7,0.142,12.3,0.098,12.3
9/14/17 2:00,0.125,12.2,0.148,12.5,0.143,12,0.101,12.1
9/14/17 3:00,0.125,11.6,0.148,11.9,0.142,11.3,0.102,11.4
9/14/17 4:00,0.125,11,0.148,11.3,0.142,10.7,0.104,10.8
9/14/17 5:00,0.125,10.8,0.148,11.2,0.142,10.7,0.107,10.7
9/14/17 6:00,0.125,10.7,0.148,11.1,0.142,10.5,0.108,10.5
9/14/17 7:00,0.124,10.2,0.148,10.6,0.142,9.9,0.11,10
9/14/17 8:00,0.124,9.9,0.148,10.3,0.142,9.7,0.112,9.8
9/14/17 9:00,0.124,10.6,0.148,10.8,0.142,10.5,0.115,10.7
9/14/17 10:00,0.125,11.9,0.148,11.8,0.143,11.9,0.118,12.5
9/14/17 11:00,0.125,13,0.148,12.8,0.143,13,0.121,13.1
9/14/17 12:00,0.125,13.9,0.149,13.7,0.143,13.9,0.123,13.7
9/14/17 13:00,0.126,14.8,0.15,14.5,0.143,14.9,0.125,14.5
9/14/17 14:00,0.126,16.1,0.151,15.7,0.144,16.3,0.127,15.4
9/14/17 15:00,0.127,15,0.151,14.8,0.144,15,0.128,14.4
9/14/17 16:00,0.131,13.8,0.152,13.7,0.146,13.7,0.131,13.5
9/14/17 17:00,0.143,14.1,0.168,14.3,0.154,14.6,0.138,14.3
9/14/17 18:00,0.151,14.3,0.184,14.3,0.157,14.4,0.148,14
9/14/17 19:00,0.151,13.9,0.186,13.9,0.158,13.9,0.157,13.6
9/14/17 20:00,0.151,13.1,0.188,13.1,0.159,13,0.163,12.7
9/14/17 21:00,0.15,12.3,0.187,12.4,0.159,12.2,0.168,12.1
9/14/17 22:00,0.151,11.8,0.189,11.9,0.159,11.6,0.171,11.6
9/14/17 23:00,0.16,11.4,0.202,11.6,0.163,11.2,0.187,11.1
9/15/17 0:00,0.165,11.1,0.218,11.2,0.165,10.8,0.201,10.7
9/15/17 1:00,0.168,10.7,0.231,10.8,0.168,10.4,0.209,10.4
9/15/17 2:00,0.17,10.4,0.24,10.5,0.171,10.1,0.214,10.1
9/15/17 3:00,0.172,10,0.246,10.3,0.174,9.7,0.215,9.8
9/15/17 4:00,0.17,9.7,0.248,9.9,0.174,9.5,0.214,9.5
9/15/17 5:00,0.168,9.4,0.249,9.6,0.174,9.1,0.212,9.2
9/15/17 6:00,0.166,9.2,0.241,9.4,0.172,9,0.211,9
9/15/17 7:00,0.163,9,0.234,9.2,0.172,8.8,0.21,8.8
9/15/17 8:00,0.163,8.8,0.233,9.1,0.172,8.6,0.211,8.7
9/15/17 9:00,0.167,8.7,0.238,9,0.172,8.5,0.217,8.5
9/15/17 10:00,0.172,8.8,0.243,9,0.175,8.6,0.253,8.6