BFF17,Port 1,Port 1,Port 2,Port 2,Port 3,Port 3,Port 4,Port 5,Port 5
1274 records,5TM Moisture/Temp,5TM Moisture/Temp,5TM Moisture/Temp,5TM Moisture/Temp,5TM Moisture/Temp,5TM Moisture/Temp,,5TM Moisture/Temp,5TM Moisture/Temp
Measurement Time,m_/m_ VWC,¡C Temp,m_/m_ VWC,¡C Temp,m_/m_ VWC,¡C Temp,None,m_/m_ VWC,¡C Temp
7/26/2017 4:00 PM,0.121,25.0,0.052,25.5,0.036,24.8,,0.085,24.6
7/26/2017 5:00 PM,0.120,23.5,0.051,23.6,0.034,23.2,,0.085,22.8
7/26/2017 6:00 PM,0.119,23.2,0.050,23.8,0.034,23.5,,0.086,23.0
7/26/2017 7:00 PM,0.119,23.4,0.049,23.7,0.033,23.4,,0.086,23.1
7/26/2017 8:00 PM,0.117,22.5,0.048,22.5,0.032,22.3,,0.085,21.9
7/26/2017 9:00 PM,0.116,21.4,0.047,21.0,0.031,21.1,,0.084,20.8
7/26/2017 10:00 PM,0.115,20.5,0.047,19.9,0.030,20.2,,0.083,19.8
7/26/2017 11:00 PM,0.114,19.8,0.046,19.2,0.029,19.5,,0.083,19.1
7/27/2017 12:00 AM,0.113,19.1,0.046,18.4,0.029,18.9,,0.083,18.4
7/27/2017 1:00 AM,0.113,18.6,0.046,17.8,0.029,18.3,,0.082,17.9
7/27/2017 2:00 AM,0.112,18.2,0.046,17.5,0.028,18.0,,0.082,17.6
7/27/2017 3:00 AM,0.112,17.9,0.046,17.0,0.028,17.6,,0.082,17.3
7/27/2017 4:00 AM,0.112,17.4,0.046,16.3,0.028,17.0,,0.082,16.7
7/27/2017 5:00 AM,0.111,16.7,0.046,15.1,0.027,16.1,,0.081,15.9
7/27/2017 6:00 AM,0.111,16.0,0.046,14.3,0.027,15.4,,0.081,15.2
7/27/2017 7:00 AM,0.111,15.6,0.046,14.1,0.027,15.1,,0.080,14.8
7/27/2017 8:00 AM,0.111,15.5,0.047,14.4,0.027,15.2,,0.080,14.9
7/27/2017 9:00 AM,0.112,15.7,0.047,15.1,0.028,15.7,,0.081,15.4
7/27/2017 10:00 AM,0.112,16.7,0.049,17.8,0.029,17.3,,0.082,17.1
7/27/2017 11:00 AM,0.115,19.4,0.051,22.3,0.031,20.6,,0.086,20.3
7/27/2017 12:00 PM,0.117,22.6,0.053,27.4,0.033,24.3,,0.089,24.3
7/27/2017 1:00 PM,0.120,25.2,0.053,29.6,0.034,26.5,,0.091,27.0
7/27/2017 2:00 PM,0.122,27.6,0.052,32.3,0.035,29.0,,0.093,29.6
7/27/2017 3:00 PM,0.123,28.9,0.049,32.6,0.033,29.6,,0.094,30.0
7/27/2017 4:00 PM,0.121,28.2,0.046,30.6,0.030,28.0,,0.092,28.5
7/27/2017 5:00 PM,0.118,26.2,0.043,28.0,0.027,26.1,,0.089,26.4
7/27/2017 6:00 PM,0.116,24.3,0.041,25.1,0.025,24.0,,0.087,24.1
7/27/2017 7:00 PM,0.114,22.8,0.041,23.2,0.025,22.8,,0.086,22.6
7/27/2017 8:00 PM,0.113,22.0,0.040,21.8,0.024,21.7,,0.085,21.6
7/27/2017 9:00 PM,0.112,20.8,0.040,20.0,0.024,20.3,,0.084,20.2
7/27/2017 10:00 PM,0.110,19.8,0.040,18.5,0.023,19.0,,0.083,19.0
7/27/2017 11:00 PM,0.110,18.9,0.040,17.4,0.023,18.1,,0.083,18.1
7/28/2017 12:00 AM,0.109,18.1,0.040,16.3,0.022,17.1,,0.082,17.2
7/28/2017 1:00 AM,0.109,17.4,0.040,15.8,0.022,16.6,,0.082,16.6
7/28/2017 2:00 AM,0.109,17.1,0.040,15.6,0.022,16.4,,0.081,16.4
7/28/2017 3:00 AM,0.108,16.6,0.040,14.7,0.022,15.7,,0.081,15.8
7/28/2017 4:00 AM,0.108,15.9,0.040,13.8,0.022,14.9,,0.081,15.0
7/28/2017 5:00 AM,0.108,15.4,0.040,13.3,0.022,14.5,,0.080,14.5
7/28/2017 6:00 AM,0.108,15.0,0.041,12.9,0.022,14.0,,0.080,14.1
7/28/2017 7:00 AM,0.108,14.6,0.041,12.5,0.022,13.6,,0.080,13.6
7/28/2017 8:00 AM,0.109,14.4,0.041,12.7,0.022,13.7,,0.079,13.6
7/28/2017 9:00 AM,0.110,14.8,0.042,13.7,0.023,14.4,,0.080,14.3
7/28/2017 10:00 AM,0.111,15.9,0.044,16.6,0.025,16.2,,0.081,15.8
7/28/2017 11:00 AM,0.112,19.0,0.048,23.0,0.028,20.6,,0.085,20.2
7/28/2017 12:00 PM,0.115,22.1,0.050,26.8,0.031,23.7,,0.089,23.8
7/28/2017 1:00 PM,0.117,24.7,0.051,29.7,0.033,26.0,,0.092,26.7
7/28/2017 2:00 PM,0.119,26.9,0.050,31.6,0.034,27.9,,0.093,29.2
7/28/2017 3:00 PM,0.120,28.5,0.048,32.4,0.033,28.5,,0.093,29.8
7/28/2017 4:00 PM,0.119,28.4,0.045,31.2,0.030,28.0,,0.092,29.1
7/28/2017 5:00 PM,0.117,27.4,0.043,30.5,0.029,27.7,,0.091,28.5
7/28/2017 6:00 PM,0.116,26.4,0.041,28.9,0.026,26.8,,0.089,27.5
7/28/2017 7:00 PM,0.113,24.9,0.039,26.2,0.024,24.9,,0.086,25.2
7/28/2017 8:00 PM,0.112,23.8,0.038,24.3,0.023,23.5,,0.085,23.7
7/28/2017 9:00 PM,0.110,22.7,0.038,22.7,0.022,22.3,,0.084,22.4
7/28/2017 10:00 PM,0.109,21.7,0.037,21.4,0.021,21.3,,0.082,21.3
7/28/2017 11:00 PM,0.108,20.9,0.037,20.3,0.021,20.4,,0.082,20.4
7/29/2017 12:00 AM,0.107,20.2,0.036,19.3,0.021,19.6,,0.081,19.6
7/29/2017 1:00 AM,0.107,19.5,0.036,18.2,0.021,18.6,,0.080,18.7
7/29/2017 2:00 AM,0.106,18.7,0.036,17.3,0.020,17.9,,0.080,17.9
7/29/2017 3:00 AM,0.106,18.2,0.036,16.6,0.020,17.3,,0.079,17.3
7/29/2017 4:00 AM,0.105,17.4,0.036,15.4,0.020,16.4,,0.079,16.5
7/29/2017 5:00 AM,0.105,16.7,0.036,14.7,0.019,15.7,,0.078,15.8
7/29/2017 6:00 AM,0.105,16.2,0.036,14.1,0.019,15.2,,0.078,15.3
7/29/2017 7:00 AM,0.105,15.8,0.036,13.8,0.019,14.9,,0.078,15.0
7/29/2017 8:00 AM,0.105,15.6,0.036,14.0,0.020,14.9,,0.078,14.9
7/29/2017 9:00 AM,0.105,15.9,0.038,15.3,0.020,15.6,,0.079,15.6
7/29/2017 10:00 AM,0.107,17.3,0.039,17.7,0.022,17.1,,0.080,17.0
7/29/2017 11:00 AM,0.108,19.3,0.042,22.3,0.024,20.2,,0.082,19.9
7/29/2017 12:00 PM,0.111,22.8,0.045,28.2,0.027,24.4,,0.086,24.2
7/29/2017 1:00 PM,0.114,25.9,0.045,32.0,0.029,27.6,,0.088,27.8
7/29/2017 2:00 PM,0.115,27.4,0.044,32.0,0.028,28.5,,0.089,29.0
7/29/2017 3:00 PM,0.114,27.3,0.041,30.4,0.026,27.5,,0.087,28.0
7/29/2017 4:00 PM,0.113,26.9,0.040,29.9,0.025,27.5,,0.086,27.8
7/29/2017 5:00 PM,0.112,26.5,0.038,28.3,0.023,26.3,,0.085,26.7
7/29/2017 6:00 PM,0.208,21.7,0.136,21.1,0.101,21.2,,0.153,21.9
7/29/2017 7:00 PM,0.251,21.1,0.176,20.6,0.143,20.3,,0.175,21.3
7/29/2017 8:00 PM,0.246,20.0,0.175,18.9,0.139,19.0,,0.167,19.7
7/29/2017 9:00 PM,0.243,18.9,0.172,17.7,0.137,18.0,,0.161,18.4
7/29/2017 10:00 PM,0.241,17.9,0.170,16.6,0.135,17.0,,0.158,17.3
7/29/2017 11:00 PM,0.239,16.9,0.168,15.5,0.133,16.1,,0.155,16.3
7/30/2017 12:00 AM,0.237,16.1,0.166,14.6,0.132,15.3,,0.153,15.4
7/30/2017 1:00 AM,0.236,15.4,0.164,13.8,0.131,14.6,,0.151,14.6
7/30/2017 2:00 AM,0.234,14.7,0.163,13.1,0.130,14.0,,0.149,13.9
7/30/2017 3:00 AM,0.232,14.1,0.162,12.5,0.129,13.4,,0.148,13.3
7/30/2017 4:00 AM,0.232,13.6,0.161,11.9,0.128,12.9,,0.147,12.7
7/30/2017 5:00 AM,0.230,13.0,0.160,11.3,0.126,12.4,,0.146,12.1
7/30/2017 6:00 AM,0.228,12.6,0.159,10.9,0.125,11.9,,0.145,11.7
7/30/2017 7:00 AM,0.228,12.1,0.159,10.5,0.124,11.5,,0.144,11.3
7/30/2017 8:00 AM,0.227,11.9,0.158,10.6,0.123,11.4,,0.143,11.2
7/30/2017 9:00 AM,0.226,12.2,0.158,11.6,0.123,11.9,,0.142,11.8
7/30/2017 10:00 AM,0.226,13.8,0.159,14.8,0.124,13.6,,0.142,13.7
7/30/2017 11:00 AM,0.224,17.7,0.159,20.8,0.127,18.6,,0.142,19.0
7/30/2017 12:00 PM,0.221,21.4,0.157,24.7,0.128,22.6,,0.142,23.2
7/30/2017 1:00 PM,0.217,24.1,0.153,26.6,0.129,25.0,,0.139,26.1
7/30/2017 2:00 PM,0.213,25.2,0.148,26.8,0.127,25.8,,0.136,27.2
7/30/2017 3:00 PM,0.209,25.7,0.144,26.2,0.124,25.4,,0.132,26.9
7/30/2017 4:00 PM,0.203,23.8,0.138,23.5,0.117,22.7,,0.128,23.7
7/30/2017 5:00 PM,0.200,22.9,0.135,22.3,0.114,21.9,,0.125,23.3
7/30/2017 6:00 PM,0.196,21.5,0.132,20.9,0.112,20.6,,0.123,21.6
7/30/2017 7:00 PM,0.194,20.8,0.130,20.4,0.110,20.0,,0.121,20.8
7/30/2017 8:00 PM,0.193,20.3,0.129,20.0,0.108,19.6,,0.120,20.2
7/30/2017 9:00 PM,0.191,19.4,0.127,18.5,0.107,18.6,,0.119,19.0
7/30/2017 10:00 PM,0.189,18.0,0.125,16.7,0.105,17.1,,0.117,17.4
7/30/2017 11:00 PM,0.188,16.8,0.123,15.3,0.103,16.0,,0.117,16.1
7/31/2017 12:00 AM,0.186,15.9,0.122,14.4,0.101,15.2,,0.116,15.2
7/31/2017 1:00 AM,0.185,15.2,0.121,13.6,0.100,14.4,,0.116,14.5
7/31/2017 2:00 AM,0.184,14.6,0.121,12.9,0.098,13.8,,0.115,13.7
7/31/2017 3:00 AM,0.183,14.0,0.120,12.3,0.097,13.2,,0.115,13.1
7/31/2017 4:00 AM,0.182,13.4,0.119,11.7,0.096,12.7,,0.114,12.5
7/31/2017 5:00 AM,0.180,12.9,0.118,11.1,0.095,12.2,,0.113,12.0
7/31/2017 6:00 AM,0.180,12.4,0.117,10.6,0.094,11.7,,0.113,11.5
7/31/2017 7:00 AM,0.179,11.9,0.117,10.2,0.093,11.4,,0.112,11.1
7/31/2017 8:00 AM,0.179,11.8,0.117,10.6,0.093,11.4,,0.112,11.1
7/31/2017 9:00 AM,0.178,12.2,0.117,11.6,0.093,11.9,,0.112,11.8
7/31/2017 10:00 AM,0.179,13.8,0.120,15.2,0.094,13.9,,0.113,13.8
7/31/2017 11:00 AM,0.182,17.5,0.124,20.8,0.098,18.6,,0.116,18.9
7/31/2017 12:00 PM,0.184,20.9,0.126,24.5,0.102,22.3,,0.118,22.6
7/31/2017 1:00 PM,0.187,23.8,0.127,26.7,0.106,25.4,,0.119,25.3
7/31/2017 2:00 PM,0.189,26.5,0.128,28.0,0.109,27.4,,0.120,27.9
7/31/2017 3:00 PM,0.191,28.2,0.126,27.9,0.110,27.5,,0.120,28.7
7/31/2017 4:00 PM,0.191,27.8,0.123,26.7,0.108,26.0,,0.117,27.4
7/31/2017 5:00 PM,0.189,27.2,0.120,25.4,0.106,25.0,,0.117,27.9
7/31/2017 6:00 PM,0.188,26.5,0.119,25.8,0.106,25.5,,0.117,28.0
7/31/2017 7:00 PM,0.186,25.7,0.116,24.8,0.103,24.1,,0.115,25.9
7/31/2017 8:00 PM,0.184,24.3,0.113,23.2,0.101,22.7,,0.113,24.1
7/31/2017 9:00 PM,0.182,22.9,0.111,21.8,0.099,21.5,,0.112,22.4
7/31/2017 10:00 PM,0.180,21.6,0.109,20.3,0.098,20.3,,0.110,21.0
7/31/2017 11:00 PM,0.179,20.2,0.107,18.6,0.097,18.9,,0.109,19.3
8/1/2017 12:00 AM,0.178,19.0,0.106,17.2,0.095,17.8,,0.107,18.0
8/1/2017 1:00 AM,0.176,18.1,0.104,16.2,0.094,16.9,,0.107,17.0
8/1/2017 2:00 AM,0.176,17.2,0.103,15.3,0.093,16.2,,0.106,16.1
8/1/2017 3:00 AM,0.174,16.4,0.102,14.5,0.091,15.4,,0.105,15.3
8/1/2017 4:00 AM,0.173,15.6,0.101,13.7,0.090,14.7,,0.104,14.5
8/1/2017 5:00 AM,0.172,15.0,0.101,13.0,0.089,14.1,,0.103,13.8
8/1/2017 6:00 AM,0.171,14.4,0.100,12.4,0.088,13.5,,0.103,13.2
8/1/2017 7:00 AM,0.170,13.9,0.099,11.9,0.087,13.1,,0.102,12.7
8/1/2017 8:00 AM,0.170,13.6,0.099,12.1,0.087,13.0,,0.102,12.5
8/1/2017 9:00 AM,0.169,13.9,0.100,13.2,0.087,13.5,,0.102,13.2
8/1/2017 10:00 AM,0.170,15.5,0.102,17.3,0.088,15.9,,0.104,15.5
8/1/2017 11:00 AM,0.174,19.7,0.107,23.1,0.092,20.6,,0.108,21.1
8/1/2017 12:00 PM,0.178,23.6,0.110,27.2,0.096,24.3,,0.112,25.7
8/1/2017 1:00 PM,0.181,26.5,0.111,29.7,0.101,26.7,,0.114,29.1
8/1/2017 2:00 PM,0.184,28.7,0.111,31.3,0.102,28.3,,0.116,31.7
8/1/2017 3:00 PM,0.185,30.0,0.108,31.3,0.101,28.5,,0.116,31.8
8/1/2017 4:00 PM,0.184,29.3,0.104,29.6,0.099,27.3,,0.114,29.8
8/1/2017 5:00 PM,0.183,28.4,0.101,28.3,0.097,26.1,,0.113,28.9
8/1/2017 6:00 PM,0.181,27.4,0.099,27.7,0.095,25.9,,0.112,28.5
8/1/2017 7:00 PM,0.179,26.1,0.095,26.0,0.092,24.6,,0.110,26.3
8/1/2017 8:00 PM,0.177,24.5,0.093,23.8,0.089,22.9,,0.108,24.1
8/1/2017 9:00 PM,0.175,23.1,0.091,22.4,0.087,21.8,,0.107,22.6
8/1/2017 10:00 PM,0.174,21.9,0.089,20.9,0.086,20.7,,0.106,21.3
8/1/2017 11:00 PM,0.173,20.7,0.088,19.5,0.085,19.5,,0.105,19.9
8/2/2017 12:00 AM,0.172,19.7,0.087,18.3,0.084,18.6,,0.104,18.8
8/2/2017 1:00 AM,0.171,18.8,0.086,17.5,0.083,17.9,,0.103,17.9
8/2/2017 2:00 AM,0.170,18.1,0.086,16.7,0.082,17.3,,0.102,17.1
8/2/2017 3:00 AM,0.169,17.5,0.086,16.0,0.080,16.7,,0.102,16.5
8/2/2017 4:00 AM,0.168,16.8,0.085,15.1,0.079,16.0,,0.101,15.7
8/2/2017 5:00 AM,0.167,16.0,0.085,14.3,0.078,15.2,,0.101,15.0
8/2/2017 6:00 AM,0.166,15.3,0.085,13.5,0.077,14.5,,0.100,14.3
8/2/2017 7:00 AM,0.166,14.7,0.084,13.0,0.076,14.0,,0.100,13.7
8/2/2017 8:00 AM,0.164,14.5,0.085,13.2,0.076,13.9,,0.100,13.6
8/2/2017 9:00 AM,0.165,14.9,0.085,14.4,0.076,14.6,,0.100,14.4
8/2/2017 10:00 AM,0.166,16.1,0.087,17.8,0.078,16.6,,0.101,16.5
8/2/2017 11:00 AM,0.168,19.7,0.091,23.0,0.082,20.5,,0.105,21.3
8/2/2017 12:00 PM,0.171,23.1,0.093,26.6,0.085,23.6,,0.109,25.3
8/2/2017 1:00 PM,0.174,25.6,0.093,28.7,0.086,25.7,,0.111,28.1
8/2/2017 2:00 PM,0.177,27.6,0.092,30.3,0.086,27.2,,0.112,30.4
8/2/2017 3:00 PM,0.178,29.0,0.090,30.7,0.086,27.6,,0.112,30.6
8/2/2017 4:00 PM,0.178,28.9,0.087,29.6,0.083,27.0,,0.111,29.4
8/2/2017 5:00 PM,0.178,28.4,0.085,28.6,0.080,26.3,,0.111,29.0
8/2/2017 6:00 PM,0.176,27.3,0.082,27.8,0.078,26.3,,0.110,28.8
8/2/2017 7:00 PM,0.174,26.2,0.080,26.0,0.074,24.8,,0.107,26.5
8/2/2017 8:00 PM,0.172,24.3,0.077,23.8,0.071,23.1,,0.105,24.0
8/2/2017 9:00 PM,0.170,22.7,0.076,21.8,0.069,21.6,,0.104,22.1
8/2/2017 10:00 PM,0.169,21.3,0.075,20.1,0.068,20.3,,0.102,20.5
8/2/2017 11:00 PM,0.167,20.1,0.075,18.7,0.066,19.2,,0.101,19.2
8/3/2017 12:00 AM,0.166,19.1,0.074,17.7,0.066,18.4,,0.100,18.2
8/3/2017 1:00 AM,0.166,18.4,0.074,16.9,0.065,17.7,,0.100,17.4
8/3/2017 2:00 AM,0.164,17.6,0.074,15.9,0.065,16.9,,0.099,16.6
8/3/2017 3:00 AM,0.163,16.8,0.074,15.0,0.064,16.1,,0.098,15.7
8/3/2017 4:00 AM,0.162,16.0,0.074,14.3,0.063,15.4,,0.098,15.0
8/3/2017 5:00 AM,0.161,15.4,0.074,13.6,0.063,14.8,,0.097,14.4
8/3/2017 6:00 AM,0.161,14.8,0.074,12.9,0.063,14.1,,0.097,13.7
8/3/2017 7:00 AM,0.160,14.3,0.074,12.5,0.063,13.7,,0.097,13.2
8/3/2017 8:00 AM,0.159,14.2,0.075,12.9,0.063,13.8,,0.097,13.3
8/3/2017 9:00 AM,0.159,14.5,0.075,14.0,0.063,14.4,,0.097,14.1
8/3/2017 10:00 AM,0.160,15.7,0.077,17.1,0.065,16.4,,0.098,16.3
8/3/2017 11:00 AM,0.163,19.2,0.080,22.4,0.067,20.1,,0.102,20.9
8/3/2017 12:00 PM,0.166,22.6,0.081,26.3,0.069,23.2,,0.106,24.8
8/3/2017 1:00 PM,0.169,25.2,0.080,28.8,0.070,25.5,,0.108,27.9
8/3/2017 2:00 PM,0.172,27.3,0.079,30.4,0.070,27.2,,0.110,30.2
8/3/2017 3:00 PM,0.174,28.6,0.076,30.7,0.068,27.7,,0.110,30.3
8/3/2017 4:00 PM,0.174,28.6,0.072,29.4,0.065,27.2,,0.108,28.9
8/3/2017 5:00 PM,0.173,28.1,0.070,28.4,0.061,26.3,,0.107,28.5
8/3/2017 6:00 PM,0.172,27.1,0.068,27.9,0.059,26.5,,0.107,28.5
8/3/2017 7:00 PM,0.170,26.3,0.066,26.5,0.056,25.3,,0.105,26.6
8/3/2017 8:00 PM,0.168,24.5,0.064,24.2,0.054,23.5,,0.103,24.2
8/3/2017 9:00 PM,0.166,23.0,0.063,22.2,0.052,22.0,,0.101,22.4
8/3/2017 10:00 PM,0.165,21.5,0.063,20.4,0.052,20.5,,0.100,20.7
8/3/2017 11:00 PM,0.163,20.3,0.063,19.1,0.052,19.4,,0.099,19.4
8/4/2017 12:00 AM,0.162,19.4,0.063,18.0,0.052,18.6,,0.098,18.4
8/4/2017 1:00 AM,0.161,18.6,0.063,17.2,0.052,17.9,,0.097,17.6
8/4/2017 2:00 AM,0.161,17.9,0.063,16.2,0.052,17.1,,0.096,16.8
8/4/2017 3:00 AM,0.159,17.1,0.063,15.4,0.052,16.4,,0.096,16.1
8/4/2017 4:00 AM,0.159,16.5,0.063,14.8,0.052,15.9,,0.095,15.5
8/4/2017 5:00 AM,0.158,15.9,0.064,14.2,0.052,15.4,,0.095,14.9
8/4/2017 6:00 AM,0.157,15.3,0.064,13.5,0.051,14.7,,0.094,14.3
8/4/2017 7:00 AM,0.156,14.9,0.064,13.1,0.051,14.3,,0.094,13.8
8/4/2017 8:00 AM,0.156,14.7,0.065,13.3,0.051,14.3,,0.094,13.8
8/4/2017 9:00 AM,0.156,15.0,0.066,14.4,0.052,14.9,,0.094,14.5
8/4/2017 10:00 AM,0.156,16.1,0.067,17.2,0.053,16.8,,0.096,16.9
8/4/2017 11:00 AM,0.159,19.6,0.069,23.0,0.055,20.6,,0.100,21.5
8/4/2017 12:00 PM,0.163,23.1,0.070,27.3,0.056,23.9,,0.103,25.6
8/4/2017 1:00 PM,0.166,25.8,0.068,29.9,0.056,26.3,,0.106,28.5
8/4/2017 2:00 PM,0.169,27.8,0.065,31.7,0.055,28.1,,0.108,30.8
8/4/2017 3:00 PM,0.171,29.4,0.062,32.4,0.053,29.1,,0.108,31.3
8/4/2017 4:00 PM,0.171,29.6,0.059,31.2,0.050,28.6,,0.106,30.0
8/4/2017 5:00 PM,0.170,29.3,0.056,30.6,0.048,28.0,,0.105,29.7
8/4/2017 6:00 PM,0.170,28.5,0.055,30.3,0.047,28.3,,0.105,29.9
8/4/2017 7:00 PM,0.168,27.6,0.053,28.7,0.044,27.0,,0.103,28.0
8/4/2017 8:00 PM,0.166,25.9,0.051,26.3,0.042,25.2,,0.101,25.8
8/4/2017 9:00 PM,0.164,24.3,0.051,24.1,0.040,23.5,,0.099,23.9
8/4/2017 10:00 PM,0.162,23.1,0.050,22.5,0.040,22.3,,0.097,22.4
8/4/2017 11:00 PM,0.161,22.0,0.050,21.2,0.039,21.2,,0.096,21.3
8/5/2017 12:00 AM,0.160,21.0,0.050,19.9,0.039,20.1,,0.095,20.2
8/5/2017 1:00 AM,0.159,20.3,0.050,19.3,0.039,19.6,,0.095,19.6
8/5/2017 2:00 AM,0.159,19.8,0.050,18.7,0.039,19.1,,0.094,18.9
8/5/2017 3:00 AM,0.158,19.2,0.050,18.0,0.039,18.5,,0.094,18.3
8/5/2017 4:00 AM,0.157,18.6,0.050,17.3,0.039,18.0,,0.093,17.7
8/5/2017 5:00 AM,0.156,18.1,0.050,16.8,0.039,17.6,,0.093,17.2
8/5/2017 6:00 AM,0.156,17.7,0.051,16.2,0.039,17.1,,0.092,16.7
8/5/2017 7:00 AM,0.155,17.2,0.051,15.7,0.039,16.7,,0.092,16.3
8/5/2017 8:00 AM,0.155,16.9,0.052,15.8,0.040,16.5,,0.092,16.1
8/5/2017 9:00 AM,0.155,17.1,0.052,16.7,0.040,16.9,,0.092,16.6
8/5/2017 10:00 AM,0.155,18.1,0.054,18.9,0.041,18.3,,0.094,18.4
8/5/2017 11:00 AM,0.157,20.3,0.055,22.9,0.042,21.0,,0.096,21.3
8/5/2017 12:00 PM,0.160,23.3,0.057,27.3,0.044,24.3,,0.099,25.1
8/5/2017 1:00 PM,0.162,25.7,0.056,30.0,0.045,26.6,,0.101,27.9
8/5/2017 2:00 PM,0.164,27.4,0.055,31.6,0.043,28.2,,0.102,29.8
8/5/2017 3:00 PM,0.166,28.8,0.053,32.1,0.042,29.0,,0.102,30.4
8/5/2017 4:00 PM,0.166,28.9,0.050,31.4,0.039,28.7,,0.101,29.3
8/5/2017 5:00 PM,0.165,28.5,0.049,30.2,0.037,27.9,,0.100,28.8
8/5/2017 6:00 PM,0.164,27.6,0.047,29.4,0.036,27.8,,0.099,28.8
8/5/2017 7:00 PM,0.162,26.7,0.046,27.5,0.034,26.4,,0.097,27.0
8/5/2017 8:00 PM,0.160,24.9,0.045,24.8,0.032,24.3,,0.094,24.6
8/5/2017 9:00 PM,0.158,23.3,0.044,22.6,0.031,22.5,,0.093,22.7
8/5/2017 10:00 PM,0.157,22.0,0.043,20.9,0.030,21.2,,0.092,21.3
8/5/2017 11:00 PM,0.156,21.0,0.043,19.6,0.030,20.2,,0.091,20.1
8/6/2017 12:00 AM,0.155,20.1,0.043,18.6,0.030,19.3,,0.090,19.2
8/6/2017 1:00 AM,0.154,19.4,0.043,17.8,0.030,18.6,,0.089,18.4
8/6/2017 2:00 AM,0.153,18.7,0.043,17.0,0.030,18.0,,0.089,17.7
8/6/2017 3:00 AM,0.152,18.1,0.043,16.3,0.030,17.3,,0.089,17.1
8/6/2017 4:00 AM,0.151,17.4,0.043,15.5,0.030,16.7,,0.088,16.4
8/6/2017 5:00 AM,0.151,16.8,0.044,14.7,0.030,16.0,,0.088,15.7
8/6/2017 6:00 AM,0.150,16.2,0.044,14.0,0.029,15.3,,0.088,15.1
8/6/2017 7:00 AM,0.150,15.5,0.044,13.3,0.030,14.6,,0.088,14.5
8/6/2017 8:00 AM,0.149,15.2,0.045,13.4,0.030,14.5,,0.087,14.3
8/6/2017 9:00 AM,0.149,15.5,0.046,14.4,0.031,15.2,,0.088,15.0
8/6/2017 10:00 AM,0.150,16.7,0.048,17.4,0.032,16.8,,0.089,17.0
8/6/2017 11:00 AM,0.152,19.8,0.051,23.3,0.035,20.8,,0.093,21.1
8/6/2017 12:00 PM,0.155,22.9,0.052,27.5,0.038,24.2,,0.096,24.9
8/6/2017 1:00 PM,0.158,25.3,0.052,30.1,0.039,26.5,,0.098,27.7
8/6/2017 2:00 PM,0.159,25.9,0.049,29.7,0.036,26.7,,0.098,27.9
8/6/2017 3:00 PM,0.159,27.0,0.048,30.6,0.035,27.8,,0.098,28.9
8/6/2017 4:00 PM,0.159,27.1,0.046,28.6,0.033,26.8,,0.096,27.7
8/6/2017 5:00 PM,0.158,26.4,0.044,27.0,0.032,25.6,,0.094,26.8
8/6/2017 6:00 PM,0.157,25.5,0.044,26.4,0.031,25.9,,0.094,27.1
8/6/2017 7:00 PM,0.156,24.7,0.042,24.5,0.029,24.1,,0.092,25.1
8/6/2017 8:00 PM,0.153,22.8,0.041,22.0,0.028,22.0,,0.089,22.6
8/6/2017 9:00 PM,0.151,21.5,0.041,20.3,0.027,20.6,,0.088,21.0
8/6/2017 10:00 PM,0.151,20.3,0.040,18.7,0.026,19.2,,0.087,19.5
8/6/2017 11:00 PM,0.150,19.3,0.040,17.4,0.026,18.2,,0.086,18.4
8/7/2017 12:00 AM,0.148,18.3,0.040,16.1,0.026,17.1,,0.086,17.4
8/7/2017 1:00 AM,0.148,17.5,0.040,15.3,0.026,16.4,,0.085,16.6
8/7/2017 2:00 AM,0.147,16.9,0.040,14.7,0.025,15.9,,0.085,15.9
8/7/2017 3:00 AM,0.146,16.3,0.040,13.9,0.025,15.2,,0.084,15.2
8/7/2017 4:00 AM,0.146,15.6,0.040,13.2,0.025,14.5,,0.084,14.6
8/7/2017 5:00 AM,0.145,15.2,0.040,12.8,0.025,14.2,,0.084,14.1
8/7/2017 6:00 AM,0.145,14.6,0.040,12.0,0.025,13.5,,0.083,13.5
8/7/2017 7:00 AM,0.144,14.1,0.040,11.6,0.025,13.1,,0.083,13.0
8/7/2017 8:00 AM,0.143,14.0,0.041,11.9,0.025,13.2,,0.083,13.0
8/7/2017 9:00 AM,0.144,14.2,0.042,12.7,0.026,13.6,,0.084,13.6
8/7/2017 10:00 AM,0.145,15.5,0.044,16.6,0.028,15.4,,0.085,15.5
8/7/2017 11:00 AM,0.148,19.1,0.048,23.3,0.032,20.4,,0.089,20.5
8/7/2017 12:00 PM,0.151,22.5,0.049,27.7,0.034,24.0,,0.093,24.7
8/7/2017 1:00 PM,0.154,24.9,0.049,30.1,0.035,26.5,,0.095,27.6
8/7/2017 2:00 PM,0.155,26.7,0.048,31.5,0.034,28.2,,0.096,29.6
8/7/2017 3:00 PM,0.156,28.0,0.046,31.8,0.033,29.1,,0.095,30.4
8/7/2017 4:00 PM,0.156,28.0,0.043,30.3,0.030,28.1,,0.093,28.8
8/7/2017 5:00 PM,0.155,27.6,0.042,29.0,0.029,27.1,,0.091,27.8
8/7/2017 6:00 PM,0.153,26.7,0.041,28.3,0.028,27.2,,0.090,28.2
8/7/2017 7:00 PM,0.151,25.8,0.040,26.3,0.026,25.5,,0.087,26.2
8/7/2017 8:00 PM,0.149,24.1,0.039,23.9,0.025,23.4,,0.085,23.9
8/7/2017 9:00 PM,0.147,22.6,0.038,21.8,0.023,21.7,,0.083,22.1
8/7/2017 10:00 PM,0.146,21.6,0.037,20.6,0.023,20.7,,0.083,20.9
8/7/2017 11:00 PM,0.145,20.5,0.036,18.9,0.022,19.4,,0.082,19.6
8/8/2017 12:00 AM,0.144,19.5,0.036,17.7,0.022,18.3,,0.081,18.5
8/8/2017 1:00 AM,0.143,18.8,0.036,17.1,0.022,17.8,,0.081,17.9
8/8/2017 2:00 AM,0.143,18.3,0.036,16.6,0.022,17.3,,0.081,17.3
8/8/2017 3:00 AM,0.142,17.8,0.036,15.9,0.022,16.8,,0.081,16.8
8/8/2017 4:00 AM,0.142,17.3,0.036,15.5,0.022,16.4,,0.080,16.4
8/8/2017 5:00 AM,0.141,17.0,0.037,15.3,0.022,16.1,,0.080,16.1
8/8/2017 6:00 AM,0.141,16.6,0.037,14.8,0.022,15.7,,0.080,15.7
8/8/2017 7:00 AM,0.141,16.4,0.037,14.8,0.022,15.6,,0.080,15.6
8/8/2017 8:00 AM,0.141,16.3,0.038,14.9,0.022,15.7,,0.081,15.6
8/8/2017 9:00 AM,0.141,16.6,0.038,15.9,0.023,16.2,,0.081,16.1
8/8/2017 10:00 AM,0.142,17.5,0.040,18.3,0.025,17.6,,0.082,17.5
8/8/2017 11:00 AM,0.143,19.2,0.042,21.5,0.026,19.9,,0.084,19.8
8/8/2017 12:00 PM,0.145,21.8,0.044,25.6,0.028,23.1,,0.086,23.1
8/8/2017 1:00 PM,0.147,24.0,0.044,28.5,0.030,25.5,,0.088,25.9
8/8/2017 2:00 PM,0.148,26.0,0.044,30.7,0.030,27.6,,0.089,28.3
8/8/2017 3:00 PM,0.148,26.5,0.042,29.7,0.028,27.2,,0.087,28.1
8/8/2017 4:00 PM,0.147,26.0,0.041,28.3,0.027,26.6,,0.086,27.0
8/8/2017 5:00 PM,0.146,26.0,0.040,28.1,0.027,26.6,,0.084,26.4
8/8/2017 6:00 PM,0.145,25.4,0.039,27.1,0.026,26.1,,0.083,26.2
8/8/2017 7:00 PM,0.142,23.8,0.038,23.8,0.023,23.6,,0.080,23.6
8/8/2017 8:00 PM,0.141,22.6,0.037,22.3,0.022,22.2,,0.079,22.2
8/8/2017 9:00 PM,0.140,21.8,0.036,21.2,0.022,21.2,,0.078,21.2
8/8/2017 10:00 PM,0.139,20.7,0.036,19.4,0.021,19.8,,0.077,19.9
8/8/2017 11:00 PM,0.138,19.6,0.035,17.9,0.021,18.6,,0.076,18.6
8/9/2017 12:00 AM,0.138,18.7,0.035,16.8,0.021,17.6,,0.076,17.7
8/9/2017 1:00 AM,0.137,18.0,0.035,16.0,0.021,16.9,,0.076,17.0
8/9/2017 2:00 AM,0.136,17.3,0.035,15.0,0.020,16.1,,0.076,16.2
8/9/2017 3:00 AM,0.136,16.7,0.035,14.5,0.020,15.6,,0.076,15.6
8/9/2017 4:00 AM,0.136,16.2,0.035,13.8,0.020,15.0,,0.076,15.1
8/9/2017 5:00 AM,0.136,15.5,0.035,13.0,0.020,14.3,,0.076,14.4
8/9/2017 6:00 AM,0.135,14.9,0.035,12.3,0.020,13.6,,0.076,13.8
8/9/2017 7:00 AM,0.134,14.4,0.035,11.8,0.019,13.2,,0.076,13.3
8/9/2017 8:00 AM,0.134,14.3,0.035,12.4,0.020,13.4,,0.076,13.4
8/9/2017 9:00 AM,0.134,14.7,0.036,13.4,0.021,14.1,,0.077,14.0
8/9/2017 10:00 AM,0.136,15.7,0.039,16.4,0.022,15.9,,0.078,15.7
8/9/2017 11:00 AM,0.138,18.3,0.042,21.6,0.025,19.5,,0.080,19.4
8/9/2017 12:00 PM,0.140,21.2,0.044,25.8,0.028,22.9,,0.084,23.1
8/9/2017 1:00 PM,0.142,23.9,0.044,29.0,0.029,25.7,,0.086,26.2
8/9/2017 2:00 PM,0.143,25.5,0.043,30.0,0.029,26.9,,0.086,27.8
8/9/2017 3:00 PM,0.142,25.7,0.042,29.3,0.028,26.8,,0.084,27.7
8/9/2017 4:00 PM,0.141,24.8,0.039,27.0,0.025,25.0,,0.081,25.6
8/9/2017 5:00 PM,0.139,23.9,0.038,25.5,0.024,24.0,,0.079,24.4
8/9/2017 6:00 PM,0.138,23.5,0.038,25.2,0.024,24.2,,0.078,24.3
8/9/2017 7:00 PM,0.137,22.9,0.037,23.6,0.022,22.9,,0.077,23.0
8/9/2017 8:00 PM,0.136,21.8,0.036,21.7,0.022,21.5,,0.075,21.6
8/9/2017 9:00 PM,0.134,20.8,0.036,20.1,0.021,20.3,,0.074,20.4
8/9/2017 10:00 PM,0.133,19.8,0.035,18.7,0.021,19.1,,0.074,19.2
8/9/2017 11:00 PM,0.133,19.0,0.035,17.7,0.020,18.3,,0.074,18.3
8/10/2017 12:00 AM,0.133,18.2,0.035,16.4,0.020,17.3,,0.074,17.3
8/10/2017 1:00 AM,0.132,17.4,0.035,15.4,0.020,16.4,,0.073,16.4
8/10/2017 2:00 AM,0.131,16.7,0.034,14.7,0.020,15.8,,0.074,15.8
8/10/2017 3:00 AM,0.131,16.2,0.035,14.0,0.019,15.3,,0.074,15.2
8/10/2017 4:00 AM,0.131,15.6,0.034,13.3,0.019,14.6,,0.073,14.6
8/10/2017 5:00 AM,0.131,15.1,0.034,12.7,0.019,14.0,,0.074,14.0
8/10/2017 6:00 AM,0.130,14.6,0.034,12.2,0.019,13.6,,0.074,13.5
8/10/2017 7:00 AM,0.129,14.2,0.035,11.8,0.019,13.2,,0.074,13.1
8/10/2017 8:00 AM,0.129,14.0,0.035,11.9,0.019,13.1,,0.074,13.0
8/10/2017 9:00 AM,0.129,14.2,0.036,13.1,0.020,13.6,,0.074,13.5
8/10/2017 10:00 AM,0.131,15.4,0.038,16.8,0.022,15.9,,0.075,15.5
8/10/2017 11:00 AM,0.133,18.5,0.042,22.6,0.025,20.1,,0.078,20.0
8/10/2017 12:00 PM,0.136,21.6,0.044,26.7,0.028,23.5,,0.082,23.8
8/10/2017 1:00 PM,0.139,24.3,0.044,29.7,0.030,26.1,,0.083,26.9
8/10/2017 2:00 PM,0.140,26.3,0.044,31.5,0.030,28.1,,0.084,29.4
8/10/2017 3:00 PM,0.140,27.9,0.042,31.8,0.029,29.2,,0.083,30.5
8/10/2017 4:00 PM,0.139,28.1,0.040,30.8,0.027,28.6,,0.080,29.4
8/10/2017 5:00 PM,0.139,27.8,0.038,29.7,0.025,27.4,,0.078,28.2
8/10/2017 6:00 PM,0.136,26.9,0.038,28.8,0.024,27.4,,0.077,28.7
8/10/2017 7:00 PM,0.134,25.9,0.036,26.6,0.022,25.6,,0.074,26.4
8/10/2017 8:00 PM,0.132,24.2,0.035,24.0,0.020,23.5,,0.072,24.0
8/10/2017 9:00 PM,0.130,22.5,0.033,21.4,0.019,21.4,,0.070,21.9
8/10/2017 10:00 PM,0.129,21.0,0.033,19.4,0.018,19.7,,0.070,20.1
8/10/2017 11:00 PM,0.128,19.9,0.032,18.2,0.018,18.7,,0.069,18.9
8/11/2017 12:00 AM,0.127,19.1,0.032,17.3,0.018,18.0,,0.069,18.1
8/11/2017 1:00 AM,0.127,18.6,0.032,16.9,0.018,17.6,,0.069,17.7
8/11/2017 2:00 AM,0.126,18.2,0.032,16.4,0.018,17.2,,0.069,17.2
8/11/2017 3:00 AM,0.126,17.5,0.032,15.5,0.018,16.4,,0.069,16.5
8/11/2017 4:00 AM,0.125,16.9,0.032,14.9,0.017,15.9,,0.069,15.9
8/11/2017 5:00 AM,0.125,16.5,0.032,14.4,0.017,15.5,,0.069,15.5
8/11/2017 6:00 AM,0.125,16.0,0.032,13.8,0.017,14.9,,0.069,15.0
8/11/2017 7:00 AM,0.124,15.4,0.032,13.1,0.017,14.3,,0.069,14.4
8/11/2017 8:00 AM,0.124,15.3,0.032,13.3,0.017,14.3,,0.069,14.3
8/11/2017 9:00 AM,0.125,15.6,0.033,14.7,0.018,15.1,,0.070,15.0
8/11/2017 10:00 AM,0.125,16.7,0.035,17.9,0.019,17.0,,0.071,16.8
8/11/2017 11:00 AM,0.128,19.4,0.038,22.9,0.022,20.7,,0.073,20.5
8/11/2017 12:00 PM,0.130,22.1,0.040,26.8,0.024,23.8,,0.075,23.9
8/11/2017 1:00 PM,0.131,24.3,0.040,29.5,0.026,26.2,,0.076,26.6
8/11/2017 2:00 PM,0.133,26.1,0.040,31.0,0.026,27.8,,0.076,28.6
8/11/2017 3:00 PM,0.132,26.5,0.038,29.9,0.024,27.3,,0.074,28.1
8/11/2017 4:00 PM,0.130,25.6,0.036,27.7,0.022,25.7,,0.072,26.3
8/11/2017 5:00 PM,0.128,24.4,0.035,25.9,0.020,24.4,,0.070,24.7
8/11/2017 6:00 PM,0.127,24.1,0.035,25.6,0.020,24.4,,0.069,24.6
8/11/2017 7:00 PM,0.125,23.1,0.034,23.6,0.019,23.0,,0.067,23.0
8/11/2017 8:00 PM,0.124,21.9,0.033,21.8,0.019,21.5,,0.066,21.5
8/11/2017 9:00 PM,0.123,21.1,0.033,20.5,0.018,20.5,,0.066,20.5
8/11/2017 10:00 PM,0.122,20.3,0.033,19.4,0.018,19.6,,0.065,19.6
8/11/2017 11:00 PM,0.121,19.3,0.032,17.8,0.018,18.3,,0.065,18.4
8/12/2017 12:00 AM,0.121,18.4,0.032,16.8,0.017,17.5,,0.065,17.5
8/12/2017 1:00 AM,0.121,17.9,0.032,16.1,0.017,16.9,,0.065,16.9
8/12/2017 2:00 AM,0.121,17.2,0.031,15.1,0.017,16.1,,0.065,16.1
8/12/2017 3:00 AM,0.120,16.4,0.031,14.0,0.016,15.2,,0.065,15.3
8/12/2017 4:00 AM,0.120,15.8,0.031,13.2,0.016,14.5,,0.065,14.6
8/12/2017 5:00 AM,0.119,15.2,0.031,12.6,0.016,13.9,,0.065,14.0
8/12/2017 6:00 AM,0.119,14.6,0.031,12.0,0.016,13.3,,0.065,13.4
8/12/2017 7:00 AM,0.119,14.2,0.031,11.7,0.016,13.0,,0.065,13.0
8/12/2017 8:00 AM,0.119,14.1,0.031,12.1,0.016,13.2,,0.066,13.1
8/12/2017 9:00 AM,0.119,14.5,0.032,13.4,0.017,14.0,,0.066,13.9
8/12/2017 10:00 AM,0.121,15.8,0.034,16.9,0.019,16.2,,0.068,16.0
8/12/2017 11:00 AM,0.123,18.6,0.038,22.1,0.021,19.9,,0.070,19.7
8/12/2017 12:00 PM,0.125,21.4,0.040,26.2,0.023,23.3,,0.072,23.3
8/12/2017 1:00 PM,0.127,23.9,0.040,29.2,0.025,25.9,,0.073,26.3
8/12/2017 2:00 PM,0.129,25.8,0.040,31.0,0.026,27.7,,0.074,28.6
8/12/2017 3:00 PM,0.129,27.7,0.039,32.3,0.025,29.1,,0.073,30.3
8/12/2017 4:00 PM,0.129,28.5,0.038,31.9,0.024,29.1,,0.071,30.3
8/12/2017 5:00 PM,0.127,27.8,0.036,30.3,0.022,28.0,,0.068,28.3
8/12/2017 6:00 PM,0.125,26.4,0.034,28.5,0.021,26.9,,0.066,27.1
8/12/2017 7:00 PM,0.123,25.3,0.033,26.2,0.019,25.1,,0.064,25.4
8/12/2017 8:00 PM,0.121,23.8,0.032,23.8,0.018,23.3,,0.063,23.4
8/12/2017 9:00 PM,0.119,22.2,0.031,21.3,0.017,21.3,,0.061,21.5
8/12/2017 10:00 PM,0.118,21.0,0.031,19.7,0.016,20.0,,0.061,20.1
8/12/2017 11:00 PM,0.117,20.1,0.030,18.6,0.016,19.1,,0.061,19.0
8/13/2017 12:00 AM,0.117,19.2,0.030,17.3,0.016,18.0,,0.060,18.1
8/13/2017 1:00 AM,0.116,18.5,0.030,16.7,0.016,17.5,,0.061,17.4
8/13/2017 2:00 AM,0.115,17.9,0.029,16.0,0.016,16.9,,0.061,16.8
8/13/2017 3:00 AM,0.115,17.3,0.030,15.3,0.015,16.3,,0.061,16.2
8/13/2017 4:00 AM,0.115,16.9,0.029,14.9,0.015,15.8,,0.061,15.8
8/13/2017 5:00 AM,0.115,16.6,0.030,14.9,0.015,15.7,,0.061,15.6
8/13/2017 6:00 AM,0.115,16.4,0.030,14.7,0.016,15.7,,0.062,15.5
8/13/2017 7:00 AM,0.115,16.1,0.030,14.4,0.016,15.4,,0.062,15.2
8/13/2017 8:00 AM,0.115,16.1,0.031,14.5,0.016,15.4,,0.062,15.2
8/13/2017 9:00 AM,0.115,16.2,0.031,15.2,0.017,15.8,,0.063,15.6
8/13/2017 10:00 AM,0.116,17.0,0.033,17.3,0.018,17.3,,0.063,16.9
8/13/2017 11:00 AM,0.117,18.1,0.034,18.9,0.019,18.5,,0.064,18.2
8/13/2017 12:00 PM,0.117,19.0,0.035,20.0,0.020,19.3,,0.064,19.1
8/13/2017 1:00 PM,0.117,19.3,0.035,20.2,0.020,19.4,,0.064,19.4
8/13/2017 2:00 PM,0.117,20.0,0.037,21.9,0.021,20.7,,0.065,20.8
8/13/2017 3:00 PM,0.120,22.3,0.039,24.7,0.023,23.1,,0.066,23.6
8/13/2017 4:00 PM,0.122,24.4,0.039,26.3,0.024,24.6,,0.067,25.5
8/13/2017 5:00 PM,0.121,24.5,0.038,26.0,0.023,24.2,,0.066,24.9
8/13/2017 6:00 PM,0.120,22.4,0.037,21.7,0.023,21.5,,0.065,21.7
8/13/2017 7:00 PM,0.118,20.4,0.037,19.5,0.022,19.7,,0.064,19.8
8/13/2017 8:00 PM,0.118,19.9,0.038,19.1,0.022,19.3,,0.065,19.2
8/13/2017 9:00 PM,0.117,19.0,0.038,17.5,0.021,18.2,,0.064,18.1
8/13/2017 10:00 PM,0.117,17.9,0.037,16.1,0.021,17.0,,0.064,16.9
8/13/2017 11:00 PM,0.117,17.5,0.038,15.8,0.021,16.7,,0.065,16.5
8/14/2017 12:00 AM,0.117,17.0,0.038,15.4,0.021,16.3,,0.065,16.1
8/14/2017 1:00 AM,0.117,16.7,0.038,15.1,0.021,16.0,,0.065,15.8
8/14/2017 2:00 AM,0.117,16.4,0.038,14.8,0.021,15.7,,0.065,15.5
8/14/2017 3:00 AM,0.117,16.1,0.039,14.6,0.021,15.5,,0.066,15.3
8/14/2017 4:00 AM,0.118,15.8,0.039,14.2,0.021,15.2,,0.066,15.0
8/14/2017 5:00 AM,0.118,15.6,0.039,14.0,0.022,15.0,,0.067,14.8
8/14/2017 6:00 AM,0.118,15.4,0.040,13.8,0.022,14.8,,0.067,14.6
8/14/2017 7:00 AM,0.119,15.3,0.040,13.8,0.022,14.7,,0.068,14.5
8/14/2017 8:00 AM,0.119,15.3,0.041,14.0,0.022,14.7,,0.068,14.6
8/14/2017 9:00 AM,0.119,15.3,0.042,14.2,0.023,14.8,,0.069,14.7
8/14/2017 10:00 AM,0.121,15.3,0.043,14.3,0.024,15.0,,0.074,14.7
8/14/2017 11:00 AM,0.122,15.4,0.045,14.7,0.025,15.1,,0.079,14.9
8/14/2017 12:00 PM,0.125,15.8,0.051,15.6,0.027,15.7,,0.090,15.6
8/14/2017 1:00 PM,0.129,17.0,0.057,17.6,0.029,17.1,,0.094,17.2
8/14/2017 2:00 PM,0.133,18.9,0.062,20.2,0.031,19.4,,0.098,20.0
8/14/2017 3:00 PM,0.136,21.4,0.066,22.3,0.033,21.6,,0.100,22.4
8/14/2017 4:00 PM,0.139,22.3,0.067,22.3,0.034,22.0,,0.099,22.8
8/14/2017 5:00 PM,0.139,21.8,0.066,21.6,0.034,21.3,,0.097,21.8
8/14/2017 6:00 PM,0.137,20.2,0.065,19.5,0.033,19.4,,0.094,19.8
8/14/2017 7:00 PM,0.136,18.7,0.063,17.8,0.032,18.0,,0.093,18.2
8/14/2017 8:00 PM,0.156,16.2,0.083,14.7,0.058,15.2,,0.101,16.1
8/14/2017 9:00 PM,0.226,13.5,0.139,13.1,0.143,12.8,,0.153,14.1
8/14/2017 10:00 PM,0.244,13.9,0.162,13.0,0.160,13.1,,0.171,13.7
8/14/2017 11:00 PM,0.244,13.8,0.168,12.6,0.155,12.9,,0.171,13.2
8/15/2017 12:00 AM,0.242,13.4,0.168,12.0,0.151,12.5,,0.168,12.7
8/15/2017 1:00 AM,0.240,12.9,0.168,11.4,0.147,12.0,,0.165,12.1
8/15/2017 2:00 AM,0.238,12.5,0.167,11.0,0.145,11.7,,0.163,11.7
8/15/2017 3:00 AM,0.237,12.2,0.166,10.7,0.143,11.5,,0.161,11.4
8/15/2017 4:00 AM,0.235,12.0,0.165,10.6,0.141,11.3,,0.159,11.3
8/15/2017 5:00 AM,0.234,11.7,0.164,10.1,0.140,11.0,,0.158,10.9
8/15/2017 6:00 AM,0.233,11.4,0.164,9.9,0.139,10.7,,0.156,10.6
8/15/2017 7:00 AM,0.232,11.1,0.163,9.6,0.137,10.5,,0.155,10.3
8/15/2017 8:00 AM,0.231,10.8,0.162,9.4,0.136,10.2,,0.154,10.0
8/15/2017 9:00 AM,0.230,10.9,0.162,10.0,0.136,10.4,,0.153,10.4
8/15/2017 10:00 AM,0.230,12.6,0.163,13.7,0.136,12.7,,0.153,12.9
8/15/2017 11:00 AM,0.227,15.7,0.163,18.4,0.138,16.4,,0.151,17.0
8/15/2017 12:00 PM,0.225,19.2,0.161,22.4,0.139,20.1,,0.150,21.2
8/15/2017 1:00 PM,0.222,21.7,0.157,24.3,0.138,22.5,,0.148,23.9
8/15/2017 2:00 PM,0.218,23.6,0.153,25.4,0.136,24.1,,0.144,25.8
8/15/2017 3:00 PM,0.214,24.0,0.147,24.3,0.133,23.6,,0.140,25.4
8/15/2017 4:00 PM,0.209,22.4,0.142,21.9,0.127,21.4,,0.136,22.8
8/15/2017 5:00 PM,0.206,21.2,0.139,20.5,0.123,19.9,,0.133,21.4
8/15/2017 6:00 PM,0.203,20.5,0.136,19.8,0.121,20.1,,0.131,21.6
8/15/2017 7:00 PM,0.200,19.1,0.134,18.2,0.119,18.4,,0.128,19.3
8/15/2017 8:00 PM,0.198,18.2,0.132,17.3,0.117,17.5,,0.126,18.1
8/15/2017 9:00 PM,0.196,17.1,0.130,15.6,0.114,16.2,,0.125,16.7
8/15/2017 10:00 PM,0.194,15.8,0.128,14.0,0.111,14.9,,0.123,15.2
8/15/2017 11:00 PM,0.193,14.8,0.127,12.8,0.109,13.8,,0.122,14.0
8/16/2017 12:00 AM,0.192,13.9,0.126,11.8,0.107,12.9,,0.121,13.0
8/16/2017 1:00 AM,0.190,13.1,0.125,11.1,0.106,12.2,,0.121,12.2
8/16/2017 2:00 AM,0.189,12.4,0.124,10.4,0.104,11.6,,0.120,11.5
8/16/2017 3:00 AM,0.189,11.8,0.124,9.7,0.103,11.0,,0.119,10.8
8/16/2017 4:00 AM,0.188,11.3,0.123,9.2,0.102,10.5,,0.119,10.3
8/16/2017 5:00 AM,0.188,10.8,0.123,8.7,0.101,10.0,,0.119,9.7
8/16/2017 6:00 AM,0.187,10.3,0.122,8.2,0.100,9.6,,0.118,9.3
8/16/2017 7:00 AM,0.186,9.9,0.121,7.8,0.100,9.2,,0.118,8.8
8/16/2017 8:00 AM,0.186,9.7,0.121,8.0,0.099,9.0,,0.117,8.7
8/16/2017 9:00 AM,0.186,9.9,0.121,8.8,0.099,9.5,,0.118,9.2
8/16/2017 10:00 AM,0.187,11.9,0.125,13.6,0.101,12.3,,0.119,12.4
8/16/2017 11:00 AM,0.189,15.9,0.129,19.1,0.105,17.0,,0.122,17.6
8/16/2017 12:00 PM,0.191,19.3,0.130,22.9,0.109,20.4,,0.123,21.4
8/16/2017 1:00 PM,0.193,21.4,0.130,24.1,0.111,22.1,,0.123,23.4
8/16/2017 2:00 PM,0.192,21.3,0.128,22.9,0.110,21.4,,0.121,22.7
8/16/2017 3:00 PM,0.192,21.3,0.127,22.3,0.109,21.2,,0.119,22.2
8/16/2017 4:00 PM,0.191,21.2,0.125,21.2,0.108,20.5,,0.117,21.3
8/16/2017 5:00 PM,0.189,19.7,0.121,19.1,0.106,18.7,,0.114,19.2
8/16/2017 6:00 PM,0.187,18.3,0.119,17.9,0.104,17.5,,0.113,17.9
8/16/2017 7:00 PM,0.186,17.9,0.118,17.4,0.104,17.3,,0.112,17.6
8/16/2017 8:00 PM,0.185,17.4,0.117,16.7,0.103,16.7,,0.112,16.9
8/16/2017 9:00 PM,0.184,16.6,0.115,15.6,0.101,15.8,,0.111,15.9
8/16/2017 10:00 PM,0.183,15.9,0.114,14.8,0.100,15.1,,0.110,15.2
8/16/2017 11:00 PM,0.182,15.1,0.113,13.7,0.099,14.2,,0.109,14.3
8/17/2017 12:00 AM,0.180,14.3,0.112,12.7,0.097,13.4,,0.108,13.2
8/17/2017 1:00 AM,0.179,13.6,0.111,12.0,0.096,12.8,,0.107,12.6
8/17/2017 2:00 AM,0.178,13.0,0.110,11.3,0.095,12.2,,0.107,11.9
8/17/2017 3:00 AM,0.177,12.5,0.109,10.8,0.094,11.7,,0.106,11.4
8/17/2017 4:00 AM,0.176,12.3,0.109,10.9,0.094,11.7,,0.106,11.4
8/17/2017 5:00 AM,0.176,12.2,0.108,10.9,0.094,11.6,,0.106,11.4
8/17/2017 6:00 AM,0.176,12.0,0.108,10.5,0.093,11.3,,0.105,11.0
8/17/2017 7:00 AM,0.175,11.5,0.107,9.9,0.092,10.9,,0.105,10.5
8/17/2017 8:00 AM,0.174,11.3,0.107,10.1,0.092,10.7,,0.105,10.4
8/17/2017 9:00 AM,0.175,11.9,0.107,11.4,0.092,11.6,,0.105,11.4
8/17/2017 10:00 AM,0.175,13.0,0.109,13.7,0.093,13.1,,0.106,13.2
8/17/2017 11:00 AM,0.178,15.9,0.113,18.6,0.097,16.8,,0.109,17.0
8/17/2017 12:00 PM,0.180,18.0,0.114,20.3,0.099,18.9,,0.110,19.1
8/17/2017 1:00 PM,0.183,21.1,0.117,23.9,0.103,22.4,,0.113,23.2
8/17/2017 2:00 PM,0.185,23.1,0.117,24.8,0.105,23.6,,0.114,25.1
8/17/2017 3:00 PM,0.187,24.9,0.117,25.7,0.108,24.7,,0.115,26.9
8/17/2017 4:00 PM,0.188,25.5,0.116,25.2,0.107,24.3,,0.115,26.5
8/17/2017 5:00 PM,0.187,24.9,0.113,23.9,0.106,22.7,,0.112,24.6
8/17/2017 6:00 PM,0.185,23.3,0.111,22.6,0.104,21.9,,0.112,23.7
8/17/2017 7:00 PM,0.183,22.0,0.108,21.4,0.102,20.7,,0.110,22.1
8/17/2017 8:00 PM,0.181,20.8,0.106,19.8,0.101,19.4,,0.108,20.4
8/17/2017 9:00 PM,0.180,19.4,0.103,17.9,0.100,18.0,,0.106,18.6
8/17/2017 10:00 PM,0.178,17.9,0.101,16.1,0.098,16.6,,0.105,16.9
8/17/2017 11:00 PM,0.176,16.8,0.100,14.9,0.096,15.5,,0.103,15.6
8/18/2017 12:00 AM,0.175,15.9,0.099,14.0,0.094,14.8,,0.102,14.7
8/18/2017 1:00 AM,0.174,15.2,0.098,13.1,0.093,14.0,,0.102,13.9
8/18/2017 2:00 AM,0.173,14.5,0.098,12.4,0.092,13.4,,0.101,13.1
8/18/2017 3:00 AM,0.172,13.8,0.097,11.7,0.091,12.7,,0.100,12.4
8/18/2017 4:00 AM,0.172,13.1,0.096,11.0,0.090,12.1,,0.100,11.7
8/18/2017 5:00 AM,0.170,12.6,0.096,10.4,0.089,11.6,,0.099,11.2
8/18/2017 6:00 AM,0.170,12.0,0.095,9.9,0.088,11.1,,0.098,10.6
8/18/2017 7:00 AM,0.169,11.6,0.095,9.4,0.087,10.6,,0.098,10.1
8/18/2017 8:00 AM,0.168,11.2,0.095,9.5,0.086,10.5,,0.098,9.9
8/18/2017 9:00 AM,0.168,11.4,0.095,10.2,0.086,10.8,,0.098,10.4
8/18/2017 10:00 AM,0.170,13.4,0.098,14.9,0.089,13.6,,0.100,13.8
8/18/2017 11:00 AM,0.173,17.6,0.103,21.0,0.094,18.3,,0.105,19.4
8/18/2017 12:00 PM,0.177,21.4,0.106,25.3,0.098,22.1,,0.109,24.0
8/18/2017 1:00 PM,0.181,24.3,0.107,27.7,0.101,24.6,,0.112,27.6
8/18/2017 2:00 PM,0.183,26.2,0.107,28.6,0.104,25.8,,0.114,29.7
8/18/2017 3:00 PM,0.185,27.5,0.105,28.7,0.105,26.3,,0.114,30.0
8/18/2017 4:00 PM,0.186,27.9,0.102,27.9,0.104,25.8,,0.113,29.1
8/18/2017 5:00 PM,0.185,27.7,0.099,27.1,0.102,24.8,,0.111,27.2
8/18/2017 6:00 PM,0.183,26.0,0.096,25.4,0.101,24.3,,0.110,26.8
8/18/2017 7:00 PM,0.181,24.6,0.093,23.8,0.098,22.8,,0.108,24.7
8/18/2017 8:00 PM,0.178,22.6,0.090,21.6,0.095,20.9,,0.106,22.2
8/18/2017 9:00 PM,0.177,21.0,0.088,19.7,0.094,19.4,,0.103,20.3
8/18/2017 10:00 PM,0.175,19.6,0.086,18.0,0.093,18.1,,0.101,18.6
8/18/2017 11:00 PM,0.174,18.4,0.085,16.6,0.091,17.0,,0.101,17.3
8/19/2017 12:00 AM,0.172,17.4,0.085,15.5,0.089,16.1,,0.100,16.2
8/19/2017 1:00 AM,0.171,16.6,0.084,14.8,0.088,15.5,,0.099,15.5
8/19/2017 2:00 AM,0.170,15.9,0.084,14.0,0.086,14.8,,0.098,14.7
8/19/2017 3:00 AM,0.169,15.2,0.083,13.3,0.086,14.2,,0.098,14.0
8/19/2017 4:00 AM,0.168,14.6,0.083,12.6,0.085,13.6,,0.097,13.3
8/19/2017 5:00 AM,0.167,14.0,0.082,12.0,0.084,13.1,,0.096,12.7
8/19/2017 6:00 AM,0.167,13.5,0.082,11.5,0.083,12.6,,0.096,12.1
8/19/2017 7:00 AM,0.166,13.0,0.082,11.0,0.082,12.1,,0.095,11.6
8/19/2017 8:00 AM,0.165,12.6,0.082,10.9,0.082,11.8,,0.095,11.4
8/19/2017 9:00 AM,0.165,13.0,0.083,12.3,0.082,12.6,,0.095,12.3
8/19/2017 10:00 AM,0.166,14.7,0.085,15.5,0.084,14.5,,0.097,14.9
8/19/2017 11:00 AM,0.168,16.9,0.087,18.5,0.086,16.8,,0.100,17.8
8/19/2017 12:00 PM,0.171,19.9,0.089,23.2,0.089,20.2,,0.103,22.1
8/19/2017 1:00 PM,0.174,22.6,0.090,25.3,0.092,22.4,,0.106,24.9
8/19/2017 2:00 PM,0.177,25.0,0.090,27.4,0.094,24.5,,0.108,27.7
8/19/2017 3:00 PM,0.178,25.5,0.088,27.1,0.093,24.3,,0.108,27.2
8/19/2017 4:00 PM,0.177,24.8,0.086,25.8,0.091,23.5,,0.107,25.9
8/19/2017 5:00 PM,0.177,24.9,0.084,25.2,0.089,23.1,,0.106,25.2
8/19/2017 6:00 PM,0.176,24.2,0.082,24.5,0.088,22.9,,0.105,25.2
8/19/2017 7:00 PM,0.175,23.4,0.080,23.4,0.086,22.1,,0.104,23.8
8/19/2017 8:00 PM,0.173,21.8,0.078,21.3,0.084,20.5,,0.101,21.6
8/19/2017 9:00 PM,0.171,20.4,0.077,19.5,0.082,19.1,,0.099,19.8
8/19/2017 10:00 PM,0.170,19.0,0.076,17.8,0.081,17.8,,0.098,18.2
8/19/2017 11:00 PM,0.169,18.2,0.075,17.1,0.080,17.2,,0.097,17.5
8/20/2017 12:00 AM,0.168,17.7,0.075,16.6,0.079,16.8,,0.097,16.9
8/20/2017 1:00 AM,0.167,16.9,0.074,15.4,0.077,16.0,,0.096,16.0
8/20/2017 2:00 AM,0.166,16.0,0.074,14.4,0.076,15.2,,0.095,15.0
8/20/2017 3:00 AM,0.165,15.3,0.074,13.5,0.075,14.4,,0.094,14.2
8/20/2017 4:00 AM,0.164,14.6,0.074,12.8,0.074,13.8,,0.094,13.5
8/20/2017 5:00 AM,0.163,14.1,0.074,12.2,0.073,13.3,,0.093,12.9
8/20/2017 6:00 AM,0.163,13.4,0.074,11.5,0.073,12.6,,0.092,12.2
8/20/2017 7:00 AM,0.162,12.8,0.074,10.9,0.072,12.1,,0.092,11.6
8/20/2017 8:00 AM,0.161,12.6,0.074,11.1,0.072,12.0,,0.091,11.5
8/20/2017 9:00 AM,0.161,12.9,0.074,12.0,0.072,12.4,,0.092,12.1
8/20/2017 10:00 AM,0.163,15.0,0.076,16.1,0.074,14.8,,0.094,15.0
8/20/2017 11:00 AM,0.166,18.3,0.079,21.2,0.077,18.4,,0.098,19.7
8/20/2017 12:00 PM,0.169,21.4,0.080,25.0,0.080,21.5,,0.101,23.5
8/20/2017 1:00 PM,0.172,24.0,0.079,27.4,0.082,23.8,,0.104,26.6
8/20/2017 2:00 PM,0.174,25.9,0.078,28.6,0.082,25.2,,0.106,28.8
8/20/2017 3:00 PM,0.176,27.1,0.075,28.8,0.082,25.7,,0.107,29.3
8/20/2017 4:00 PM,0.176,27.4,0.072,28.4,0.079,25.5,,0.105,28.5
8/20/2017 5:00 PM,0.176,27.1,0.069,27.5,0.076,25.0,,0.103,26.8
8/20/2017 6:00 PM,0.174,25.6,0.066,25.9,0.073,24.2,,0.102,25.9
8/20/2017 7:00 PM,0.172,24.4,0.064,24.6,0.070,23.1,,0.101,24.4
8/20/2017 8:00 PM,0.171,22.9,0.063,22.6,0.067,21.7,,0.098,22.4
8/20/2017 9:00 PM,0.169,21.4,0.062,20.6,0.065,20.2,,0.096,20.7
8/20/2017 10:00 PM,0.168,20.0,0.061,18.8,0.064,18.8,,0.094,19.1
8/20/2017 11:00 PM,0.166,18.9,0.061,17.5,0.064,17.9,,0.094,17.9
8/21/2017 12:00 AM,0.165,18.1,0.061,16.8,0.063,17.2,,0.093,17.2
8/21/2017 1:00 AM,0.164,17.6,0.061,16.4,0.063,16.8,,0.092,16.7
8/21/2017 2:00 AM,0.163,17.1,0.061,15.8,0.062,16.3,,0.092,16.2
8/21/2017 3:00 AM,0.163,16.5,0.061,15.1,0.062,15.8,,0.091,15.6
8/21/2017 4:00 AM,0.162,16.0,0.062,14.4,0.061,15.2,,0.091,14.9
8/21/2017 5:00 AM,0.161,15.3,0.062,13.5,0.061,14.5,,0.090,14.2
8/21/2017 6:00 AM,0.160,14.6,0.062,12.6,0.061,13.8,,0.089,13.4
8/21/2017 7:00 AM,0.159,13.9,0.062,11.9,0.060,13.1,,0.089,12.7
8/21/2017 8:00 AM,0.159,13.5,0.063,12.0,0.060,13.0,,0.088,12.5
8/21/2017 9:00 AM,0.159,13.8,0.063,12.9,0.061,13.3,,0.089,12.9
8/21/2017 10:00 AM,0.160,15.8,0.065,17.2,0.062,15.6,,0.091,15.8
8/21/2017 11:00 AM,0.163,18.9,0.067,22.0,0.064,19.1,,0.094,20.1
8/21/2017 12:00 PM,0.164,20.1,0.065,21.7,0.063,19.7,,0.095,20.9
8/21/2017 1:00 PM,0.163,19.5,0.063,21.0,0.062,19.4,,0.095,20.4
8/21/2017 2:00 PM,0.167,22.8,0.064,25.5,0.064,22.9,,0.099,25.2
8/21/2017 3:00 PM,0.170,25.2,0.062,27.4,0.064,24.6,,0.101,27.4
8/21/2017 4:00 PM,0.171,26.0,0.060,27.3,0.062,24.8,,0.100,27.0
8/21/2017 5:00 PM,0.172,26.1,0.057,26.8,0.060,24.5,,0.098,25.8
8/21/2017 6:00 PM,0.170,24.9,0.055,25.1,0.057,23.6,,0.097,25.0
8/21/2017 7:00 PM,0.168,23.7,0.053,23.7,0.055,22.6,,0.095,23.6
8/21/2017 8:00 PM,0.166,22.0,0.052,21.5,0.053,20.9,,0.093,21.4
8/21/2017 9:00 PM,0.165,20.6,0.051,19.5,0.052,19.4,,0.091,19.7
8/21/2017 10:00 PM,0.163,19.2,0.051,17.7,0.052,18.0,,0.089,18.1
8/21/2017 11:00 PM,0.162,18.1,0.051,16.3,0.052,17.0,,0.089,16.9
8/22/2017 12:00 AM,0.161,17.3,0.051,15.6,0.052,16.4,,0.088,16.1
8/22/2017 1:00 AM,0.160,16.6,0.051,14.9,0.052,15.8,,0.087,15.4
8/22/2017 2:00 AM,0.159,15.9,0.052,14.0,0.052,15.1,,0.087,14.7
8/22/2017 3:00 AM,0.158,15.2,0.052,13.3,0.051,14.4,,0.086,14.0
8/22/2017 4:00 AM,0.158,14.7,0.052,12.6,0.051,13.9,,0.086,13.4
8/22/2017 5:00 AM,0.156,14.1,0.053,12.0,0.051,13.3,,0.085,12.8
8/22/2017 6:00 AM,0.156,13.5,0.053,11.3,0.051,12.7,,0.085,12.3
8/22/2017 7:00 AM,0.155,13.0,0.053,10.9,0.051,12.3,,0.085,11.8
8/22/2017 8:00 AM,0.155,12.7,0.054,11.0,0.051,12.1,,0.084,11.6
8/22/2017 9:00 AM,0.155,12.9,0.055,12.0,0.052,12.6,,0.085,12.1
8/22/2017 10:00 AM,0.156,14.9,0.057,16.3,0.053,15.0,,0.086,14.9
8/22/2017 11:00 AM,0.159,18.1,0.059,21.6,0.055,18.7,,0.090,19.5
8/22/2017 12:00 PM,0.163,21.4,0.059,25.9,0.056,21.9,,0.094,23.4
8/22/2017 1:00 PM,0.166,24.1,0.058,28.6,0.057,24.4,,0.097,26.6
8/22/2017 2:00 PM,0.168,26.2,0.056,30.2,0.056,26.2,,0.098,29.0
8/22/2017 3:00 PM,0.170,27.6,0.053,30.7,0.054,27.2,,0.098,30.0
8/22/2017 4:00 PM,0.170,28.1,0.051,30.4,0.052,27.3,,0.097,29.3
8/22/2017 5:00 PM,0.170,28.0,0.049,29.6,0.049,26.9,,0.094,27.8
8/22/2017 6:00 PM,0.169,26.6,0.046,27.5,0.047,25.7,,0.093,26.8
8/22/2017 7:00 PM,0.167,25.1,0.045,25.7,0.045,24.4,,0.091,25.2
8/22/2017 8:00 PM,0.165,23.4,0.043,23.1,0.043,22.4,,0.088,22.8
8/22/2017 9:00 PM,0.163,21.8,0.043,20.8,0.042,20.7,,0.086,21.0
8/22/2017 10:00 PM,0.161,20.3,0.042,18.8,0.041,19.1,,0.085,19.3
8/22/2017 11:00 PM,0.160,19.2,0.042,17.6,0.041,18.1,,0.084,18.1
8/23/2017 12:00 AM,0.159,18.4,0.042,16.8,0.041,17.4,,0.083,17.4
8/23/2017 1:00 AM,0.158,17.6,0.042,15.7,0.041,16.6,,0.083,16.5
8/23/2017 2:00 AM,0.157,16.8,0.042,14.8,0.041,15.9,,0.082,15.7
8/23/2017 3:00 AM,0.156,16.1,0.042,14.0,0.041,15.1,,0.082,14.9
8/23/2017 4:00 AM,0.155,15.6,0.042,13.5,0.041,14.7,,0.081,14.4
8/23/2017 5:00 AM,0.155,15.0,0.042,12.8,0.042,14.1,,0.081,13.8
8/23/2017 6:00 AM,0.154,14.4,0.042,12.2,0.042,13.6,,0.080,13.2
8/23/2017 7:00 AM,0.153,14.0,0.042,11.8,0.042,13.2,,0.080,12.8
8/23/2017 8:00 AM,0.153,13.7,0.043,11.9,0.042,13.0,,0.080,12.6
8/23/2017 9:00 AM,0.153,13.9,0.044,12.9,0.043,13.5,,0.080,13.1
8/23/2017 10:00 AM,0.154,15.4,0.046,16.6,0.044,15.5,,0.082,15.5
8/23/2017 11:00 AM,0.157,18.3,0.048,21.8,0.046,19.0,,0.085,19.4
8/23/2017 12:00 PM,0.159,21.3,0.049,25.8,0.046,22.1,,0.088,23.1
8/23/2017 1:00 PM,0.162,23.8,0.049,28.6,0.047,24.5,,0.090,26.0
8/23/2017 2:00 PM,0.165,25.8,0.048,30.3,0.046,26.4,,0.091,28.4
8/23/2017 3:00 PM,0.166,27.2,0.047,30.6,0.045,27.2,,0.091,29.3
8/23/2017 4:00 PM,0.164,25.6,0.043,27.4,0.040,24.9,,0.086,26.3
8/23/2017 5:00 PM,0.162,24.2,0.042,25.9,0.039,23.8,,0.085,24.5
8/23/2017 6:00 PM,0.162,24.1,0.042,25.3,0.038,23.6,,0.084,24.7
8/23/2017 7:00 PM,0.160,23.0,0.041,23.8,0.037,22.5,,0.082,23.2
8/23/2017 8:00 PM,0.159,22.0,0.040,22.1,0.036,21.4,,0.080,21.8
8/23/2017 9:00 PM,0.158,20.9,0.040,20.3,0.035,20.2,,0.078,20.5
8/23/2017 10:00 PM,0.156,19.6,0.039,18.4,0.034,18.7,,0.077,18.9
8/23/2017 11:00 PM,0.156,18.9,0.039,18.0,0.034,18.2,,0.076,18.3
8/24/2017 12:00 AM,0.155,18.6,0.039,17.8,0.034,18.0,,0.076,18.0
8/24/2017 1:00 AM,0.155,18.2,0.039,17.1,0.034,17.5,,0.076,17.5
8/24/2017 2:00 AM,0.154,17.7,0.039,16.5,0.034,17.0,,0.076,16.9
8/24/2017 3:00 AM,0.154,17.1,0.039,15.6,0.034,16.3,,0.075,16.3
8/24/2017 4:00 AM,0.153,16.6,0.039,15.2,0.034,15.9,,0.075,15.8
8/24/2017 5:00 AM,0.153,16.4,0.039,15.2,0.034,15.8,,0.075,15.7
8/24/2017 6:00 AM,0.152,16.3,0.040,15.1,0.034,15.7,,0.075,15.6
8/24/2017 7:00 AM,0.152,16.1,0.040,14.8,0.034,15.5,,0.075,15.3
8/24/2017 8:00 AM,0.151,15.7,0.040,14.5,0.034,15.2,,0.075,15.0
8/24/2017 9:00 AM,0.151,16.0,0.041,15.8,0.035,15.8,,0.076,15.7
8/24/2017 10:00 AM,0.153,17.2,0.043,19.0,0.037,17.5,,0.077,17.6
8/24/2017 11:00 AM,0.156,20.3,0.046,25.0,0.040,21.5,,0.080,22.0
8/24/2017 12:00 PM,0.159,23.4,0.047,29.2,0.042,24.5,,0.083,25.7
8/24/2017 1:00 PM,0.159,24.5,0.045,28.5,0.040,24.8,,0.082,26.4
8/24/2017 2:00 PM,0.159,24.5,0.044,28.1,0.039,25.1,,0.081,26.5
8/24/2017 3:00 PM,0.160,24.7,0.043,27.6,0.038,24.9,,0.080,26.2
8/24/2017 4:00 PM,0.160,24.9,0.043,27.8,0.037,25.1,,0.078,26.2
8/24/2017 5:00 PM,0.159,24.8,0.042,27.0,0.035,24.8,,0.077,25.7
8/24/2017 6:00 PM,0.157,23.4,0.040,24.5,0.033,23.1,,0.074,23.7
8/24/2017 7:00 PM,0.156,21.7,0.039,21.4,0.032,21.3,,0.073,21.4
8/24/2017 8:00 PM,0.154,20.4,0.039,19.8,0.032,20.1,,0.072,20.0
8/24/2017 9:00 PM,0.153,19.4,0.038,18.0,0.032,18.8,,0.071,18.6
8/24/2017 10:00 PM,0.152,18.5,0.038,17.0,0.032,17.8,,0.071,17.7
8/24/2017 11:00 PM,0.151,17.8,0.038,16.4,0.032,17.3,,0.071,17.0
8/25/2017 12:00 AM,0.151,17.3,0.038,15.6,0.032,16.7,,0.071,16.4
8/25/2017 1:00 AM,0.150,16.6,0.038,14.7,0.031,16.0,,0.071,15.6
8/25/2017 2:00 AM,0.150,16.1,0.038,14.2,0.031,15.4,,0.071,15.1
8/25/2017 3:00 AM,0.150,15.8,0.039,14.0,0.031,15.2,,0.071,14.9
8/25/2017 4:00 AM,0.149,15.3,0.038,13.3,0.031,14.6,,0.071,14.3
8/25/2017 5:00 AM,0.148,14.8,0.039,12.6,0.031,13.9,,0.070,13.7
8/25/2017 6:00 AM,0.148,14.4,0.039,12.4,0.031,13.7,,0.070,13.4
8/25/2017 7:00 AM,0.148,14.0,0.039,11.9,0.031,13.3,,0.070,12.9
8/25/2017 8:00 AM,0.147,13.6,0.039,11.8,0.031,13.0,,0.070,12.7
8/25/2017 9:00 AM,0.148,13.9,0.040,13.0,0.032,13.5,,0.071,13.1
8/25/2017 10:00 AM,0.149,15.6,0.043,17.4,0.035,16.2,,0.073,16.0
8/25/2017 11:00 AM,0.151,18.4,0.046,22.2,0.038,19.6,,0.075,19.8
8/25/2017 12:00 PM,0.154,21.3,0.049,26.1,0.040,22.7,,0.078,23.6
8/25/2017 1:00 PM,0.157,23.8,0.050,28.5,0.043,24.9,,0.080,26.6
8/25/2017 2:00 PM,0.158,25.1,0.049,28.8,0.043,25.5,,0.080,27.8
8/25/2017 3:00 PM,0.157,23.6,0.047,24.8,0.041,22.8,,0.077,24.6
8/25/2017 4:00 PM,0.156,20.4,0.047,19.0,0.041,19.6,,0.080,19.8
8/25/2017 5:00 PM,0.156,18.7,0.048,17.3,0.041,18.2,,0.084,18.1
8/25/2017 6:00 PM,0.157,18.2,0.053,17.9,0.042,18.3,,0.089,18.5
8/25/2017 7:00 PM,0.158,18.4,0.056,17.7,0.042,18.4,,0.091,18.6
8/25/2017 8:00 PM,0.158,17.4,0.056,16.1,0.041,16.9,,0.091,17.0
8/25/2017 9:00 PM,0.158,16.3,0.057,14.8,0.041,15.8,,0.091,15.7
8/25/2017 10:00 PM,0.158,15.6,0.058,14.0,0.041,15.1,,0.091,14.9
8/25/2017 11:00 PM,0.157,14.8,0.058,13.0,0.040,14.2,,0.091,13.9
8/26/2017 12:00 AM,0.156,14.1,0.058,12.3,0.040,13.6,,0.091,13.1
8/26/2017 1:00 AM,0.156,13.7,0.059,12.0,0.041,13.2,,0.091,12.8
8/26/2017 2:00 AM,0.156,13.2,0.059,11.4,0.041,12.7,,0.091,12.2
8/26/2017 3:00 AM,0.156,12.7,0.060,10.8,0.041,12.2,,0.091,11.7
8/26/2017 4:00 AM,0.156,12.2,0.060,10.3,0.041,11.7,,0.091,11.2
8/26/2017 5:00 AM,0.156,11.7,0.060,9.8,0.041,11.2,,0.091,10.7
8/26/2017 6:00 AM,0.155,11.2,0.061,9.2,0.041,10.7,,0.090,10.1
8/26/2017 7:00 AM,0.155,10.8,0.061,8.8,0.041,10.3,,0.090,9.7
8/26/2017 8:00 AM,0.155,10.5,0.061,8.9,0.042,10.1,,0.091,9.5
8/26/2017 9:00 AM,0.155,10.9,0.063,10.2,0.042,10.7,,0.091,10.4
8/26/2017 10:00 AM,0.157,13.2,0.066,14.8,0.044,13.6,,0.094,14.2
8/26/2017 11:00 AM,0.160,16.7,0.070,19.6,0.047,17.5,,0.096,18.4
8/26/2017 12:00 PM,0.163,19.8,0.072,22.8,0.049,20.6,,0.098,21.8
8/26/2017 1:00 PM,0.166,22.1,0.073,24.6,0.052,22.8,,0.100,24.4
8/26/2017 2:00 PM,0.167,23.8,0.074,25.7,0.054,24.5,,0.101,26.4
8/26/2017 3:00 PM,0.168,24.9,0.074,26.0,0.056,25.3,,0.101,27.7
8/26/2017 4:00 PM,0.170,25.6,0.074,25.5,0.057,25.1,,0.101,27.6
8/26/2017 5:00 PM,0.170,25.7,0.074,25.0,0.057,24.7,,0.098,26.0
8/26/2017 6:00 PM,0.168,24.2,0.071,23.0,0.056,23.0,,0.097,24.9
8/26/2017 7:00 PM,0.166,22.6,0.070,21.6,0.055,21.7,,0.095,23.0
8/26/2017 8:00 PM,0.164,20.8,0.068,19.5,0.053,19.6,,0.092,20.5
8/26/2017 9:00 PM,0.162,19.2,0.066,17.6,0.051,17.9,,0.090,18.6
8/26/2017 10:00 PM,0.161,17.8,0.065,16.0,0.050,16.6,,0.089,17.0
8/26/2017 11:00 PM,0.160,16.7,0.064,14.9,0.050,15.6,,0.087,15.9
8/27/2017 12:00 AM,0.159,15.9,0.063,13.9,0.049,14.8,,0.086,14.9
8/27/2017 1:00 AM,0.158,15.0,0.062,13.0,0.049,13.9,,0.086,13.9
8/27/2017 2:00 AM,0.157,14.3,0.062,12.2,0.049,13.3,,0.085,13.1
8/27/2017 3:00 AM,0.156,13.6,0.061,11.5,0.048,12.6,,0.084,12.5
8/27/2017 4:00 AM,0.155,13.0,0.061,10.9,0.048,12.1,,0.083,11.9
8/27/2017 5:00 AM,0.155,12.5,0.061,10.3,0.048,11.6,,0.083,11.3
8/27/2017 6:00 AM,0.154,12.0,0.061,9.8,0.048,11.1,,0.082,10.8
8/27/2017 7:00 AM,0.153,11.5,0.060,9.4,0.048,10.7,,0.081,10.4
8/27/2017 8:00 AM,0.153,11.2,0.060,9.4,0.048,10.5,,0.081,10.1
8/27/2017 9:00 AM,0.153,11.6,0.061,10.7,0.049,11.2,,0.082,11.0
8/27/2017 10:00 AM,0.154,13.7,0.064,14.9,0.050,13.9,,0.084,14.4
8/27/2017 11:00 AM,0.157,17.0,0.067,20.0,0.053,17.9,,0.088,18.9
8/27/2017 12:00 PM,0.161,20.6,0.070,24.2,0.056,21.5,,0.092,23.3
8/27/2017 1:00 PM,0.164,23.8,0.072,27.0,0.059,24.4,,0.096,27.0
8/27/2017 2:00 PM,0.168,26.2,0.072,28.6,0.062,26.3,,0.098,29.6
8/27/2017 3:00 PM,0.170,27.8,0.071,29.2,0.065,27.2,,0.100,30.6
8/27/2017 4:00 PM,0.171,28.4,0.069,28.8,0.065,27.0,,0.099,30.2
8/27/2017 5:00 PM,0.171,28.1,0.066,28.0,0.064,26.4,,0.097,28.5
8/27/2017 6:00 PM,0.169,26.5,0.063,25.9,0.061,24.8,,0.095,27.1
8/27/2017 7:00 PM,0.167,25.0,0.061,24.5,0.059,23.6,,0.094,25.3
8/27/2017 8:00 PM,0.165,23.1,0.058,22.3,0.056,21.7,,0.091,22.9
8/27/2017 9:00 PM,0.163,21.5,0.057,20.2,0.054,20.0,,0.089,20.9
8/27/2017 10:00 PM,0.161,20.0,0.055,18.5,0.052,18.6,,0.087,19.2
8/27/2017 11:00 PM,0.160,19.0,0.055,17.4,0.052,17.7,,0.086,18.1
8/28/2017 12:00 AM,0.159,18.1,0.054,16.5,0.051,16.9,,0.085,17.1
8/28/2017 1:00 AM,0.158,17.3,0.053,15.5,0.051,16.1,,0.084,16.2
8/28/2017 2:00 AM,0.157,16.5,0.053,14.6,0.050,15.3,,0.083,15.4
8/28/2017 3:00 AM,0.156,15.8,0.053,13.8,0.049,14.6,,0.082,14.6
8/28/2017 4:00 AM,0.156,15.2,0.053,13.2,0.049,14.1,,0.082,14.0
8/28/2017 5:00 AM,0.155,14.6,0.053,12.6,0.049,13.5,,0.081,13.3
8/28/2017 6:00 AM,0.154,14.0,0.053,11.9,0.049,13.0,,0.080,12.7
8/28/2017 7:00 AM,0.153,13.5,0.053,11.5,0.049,12.6,,0.080,12.3
8/28/2017 8:00 AM,0.153,13.1,0.053,11.5,0.049,12.3,,0.079,12.0
8/28/2017 9:00 AM,0.153,13.4,0.054,12.5,0.049,12.9,,0.080,12.7
8/28/2017 10:00 AM,0.154,15.0,0.055,15.7,0.051,15.1,,0.082,15.6
8/28/2017 11:00 AM,0.156,17.7,0.058,19.8,0.052,18.1,,0.085,19.2
8/28/2017 12:00 PM,0.160,20.9,0.059,23.9,0.053,21.4,,0.089,23.2
8/28/2017 1:00 PM,0.163,23.8,0.059,26.9,0.055,24.2,,0.093,26.7
8/28/2017 2:00 PM,0.166,26.2,0.058,28.8,0.056,26.1,,0.095,29.3
8/28/2017 3:00 PM,0.168,27.6,0.055,29.2,0.055,26.7,,0.096,30.0
8/28/2017 4:00 PM,0.168,27.5,0.052,28.6,0.052,26.1,,0.095,28.9
8/28/2017 5:00 PM,0.167,27.0,0.049,27.9,0.048,25.6,,0.093,27.6
8/28/2017 6:00 PM,0.166,25.8,0.046,26.3,0.045,24.4,,0.091,26.1
8/28/2017 7:00 PM,0.164,24.6,0.045,24.8,0.043,23.4,,0.089,24.6
8/28/2017 8:00 PM,0.162,22.9,0.043,22.5,0.040,21.7,,0.087,22.4
8/28/2017 9:00 PM,0.160,21.1,0.042,20.1,0.039,19.9,,0.085,20.3
8/28/2017 10:00 PM,0.159,19.8,0.041,18.7,0.038,18.7,,0.083,18.8
8/28/2017 11:00 PM,0.158,18.9,0.041,17.6,0.038,17.8,,0.082,17.8
8/29/2017 12:00 AM,0.157,17.8,0.041,16.3,0.037,16.8,,0.081,16.7
8/29/2017 1:00 AM,0.156,17.0,0.040,15.2,0.036,15.9,,0.080,15.8
8/29/2017 2:00 AM,0.155,16.1,0.040,14.2,0.036,15.1,,0.079,15.0
8/29/2017 3:00 AM,0.154,15.4,0.040,13.5,0.035,14.4,,0.079,14.3
8/29/2017 4:00 AM,0.153,14.9,0.040,13.0,0.035,13.9,,0.078,13.7
8/29/2017 5:00 AM,0.153,14.4,0.040,12.5,0.035,13.5,,0.077,13.2
8/29/2017 6:00 AM,0.151,13.9,0.040,11.9,0.035,13.0,,0.077,12.7
8/29/2017 7:00 AM,0.151,13.5,0.040,11.7,0.035,12.7,,0.076,12.3
8/29/2017 8:00 AM,0.151,13.5,0.041,12.1,0.035,12.8,,0.077,12.6
8/29/2017 9:00 AM,0.151,13.9,0.041,13.1,0.036,13.4,,0.077,13.2
8/29/2017 10:00 AM,0.152,15.3,0.043,16.0,0.038,15.3,,0.079,15.6
8/29/2017 11:00 AM,0.153,16.3,0.043,16.8,0.038,16.2,,0.079,16.6
8/29/2017 12:00 PM,0.154,17.2,0.044,18.4,0.039,17.2,,0.080,17.6
8/29/2017 1:00 PM,0.156,19.6,0.046,21.9,0.041,19.9,,0.083,20.9
8/29/2017 2:00 PM,0.158,21.1,0.046,23.4,0.041,21.2,,0.085,22.5
8/29/2017 3:00 PM,0.161,23.7,0.047,26.2,0.042,23.7,,0.087,25.5
8/29/2017 4:00 PM,0.162,25.2,0.046,27.2,0.042,24.7,,0.088,26.7
8/29/2017 5:00 PM,0.163,26.1,0.045,27.7,0.041,25.3,,0.087,26.7
8/29/2017 6:00 PM,0.163,25.4,0.042,26.4,0.038,24.3,,0.086,25.6
8/29/2017 7:00 PM,0.161,24.2,0.041,25.2,0.036,23.5,,0.084,24.3
8/29/2017 8:00 PM,0.159,22.8,0.040,23.2,0.034,22.0,,0.082,22.4
8/29/2017 9:00 PM,0.157,21.4,0.039,21.2,0.033,20.6,,0.079,20.8
8/29/2017 10:00 PM,0.156,20.3,0.038,19.8,0.033,19.5,,0.077,19.5
8/29/2017 11:00 PM,0.155,19.3,0.038,18.5,0.032,18.6,,0.076,18.4
8/30/2017 12:00 AM,0.154,18.5,0.037,17.3,0.032,17.7,,0.075,17.5
8/30/2017 1:00 AM,0.153,17.6,0.037,16.2,0.031,16.8,,0.074,16.6
8/30/2017 2:00 AM,0.152,16.8,0.036,15.2,0.031,16.0,,0.074,15.8
8/30/2017 3:00 AM,0.151,16.2,0.036,14.5,0.031,15.4,,0.074,15.1
8/30/2017 4:00 AM,0.151,15.6,0.036,13.9,0.030,14.8,,0.074,14.6
8/30/2017 5:00 AM,0.150,15.1,0.036,13.3,0.030,14.3,,0.074,14.0
8/30/2017 6:00 AM,0.150,14.6,0.036,12.7,0.030,13.7,,0.073,13.4
8/30/2017 7:00 AM,0.149,14.2,0.036,12.3,0.030,13.4,,0.073,13.0
8/30/2017 8:00 AM,0.148,13.9,0.036,12.2,0.030,13.2,,0.072,12.8
8/30/2017 9:00 AM,0.149,14.3,0.038,13.7,0.031,13.9,,0.073,13.7
8/30/2017 10:00 AM,0.151,16.1,0.040,17.5,0.033,16.4,,0.075,16.6
8/30/2017 11:00 AM,0.153,19.1,0.043,22.5,0.036,19.9,,0.078,20.7
8/30/2017 12:00 PM,0.156,22.3,0.045,26.8,0.039,23.2,,0.081,24.6
8/30/2017 1:00 PM,0.158,24.0,0.044,28.0,0.039,24.3,,0.082,26.1
8/30/2017 2:00 PM,0.159,25.0,0.044,29.2,0.039,25.5,,0.082,27.2
8/30/2017 3:00 PM,0.160,26.2,0.043,29.8,0.038,26.4,,0.081,28.2
8/30/2017 4:00 PM,0.160,26.1,0.041,29.3,0.036,26.2,,0.079,27.6
8/30/2017 5:00 PM,0.159,25.2,0.039,27.4,0.033,25.0,,0.076,26.1
8/30/2017 6:00 PM,0.157,24.2,0.038,26.0,0.032,24.1,,0.074,24.7
8/30/2017 7:00 PM,0.156,23.4,0.038,24.8,0.031,23.3,,0.073,23.8
8/30/2017 8:00 PM,0.155,22.4,0.036,23.2,0.030,22.2,,0.072,22.5
8/30/2017 9:00 PM,0.154,21.4,0.035,21.6,0.032,21.1,,0.071,21.2
8/30/2017 10:00 PM,0.152,20.5,0.035,20.0,0.031,20.0,,0.070,20.0
8/30/2017 11:00 PM,0.151,19.5,0.034,18.6,0.031,19.0,,0.069,18.8
8/31/2017 12:00 AM,0.150,18.8,0.034,18.0,0.031,18.3,,0.068,18.2
8/31/2017 1:00 AM,0.150,18.2,0.034,17.1,0.030,17.7,,0.068,17.4
8/31/2017 2:00 AM,0.149,17.6,0.034,16.1,0.030,16.9,,0.068,16.7
8/31/2017 3:00 AM,0.148,16.9,0.034,15.4,0.030,16.3,,0.068,16.0
8/31/2017 4:00 AM,0.148,16.5,0.034,15.0,0.030,15.9,,0.068,15.6
8/31/2017 5:00 AM,0.147,16.1,0.034,14.5,0.030,15.5,,0.068,15.2
8/31/2017 6:00 AM,0.146,15.7,0.034,14.0,0.030,15.1,,0.068,14.8
8/31/2017 7:00 AM,0.146,15.3,0.033,13.6,0.029,14.7,,0.067,14.3
8/31/2017 8:00 AM,0.146,15.2,0.034,13.8,0.030,14.6,,0.068,14.3
8/31/2017 9:00 AM,0.146,15.4,0.035,14.7,0.030,15.0,,0.068,14.9
8/31/2017 10:00 AM,0.147,16.5,0.036,17.2,0.032,16.6,,0.069,16.8
8/31/2017 11:00 AM,0.148,18.0,0.038,20.1,0.033,18.3,,0.070,18.9
8/31/2017 12:00 PM,0.150,19.2,0.039,21.5,0.034,19.5,,0.070,20.3
8/31/2017 1:00 PM,0.151,20.3,0.040,23.2,0.034,20.7,,0.071,21.6
8/31/2017 2:00 PM,0.152,22.2,0.041,25.8,0.036,22.6,,0.072,24.3
8/31/2017 3:00 PM,0.152,22.5,0.039,25.0,0.035,22.6,,0.071,23.9
8/31/2017 4:00 PM,0.150,21.0,0.037,22.0,0.033,20.8,,0.069,21.4
8/31/2017 5:00 PM,0.151,21.4,0.038,23.2,0.034,21.6,,0.069,22.3
8/31/2017 6:00 PM,0.151,21.7,0.038,23.0,0.034,21.8,,0.069,22.9
8/31/2017 7:00 PM,0.150,21.1,0.036,21.9,0.033,21.3,,0.068,22.1
8/31/2017 8:00 PM,0.148,20.4,0.036,20.7,0.032,20.3,,0.066,20.7
8/31/2017 9:00 PM,0.147,19.4,0.035,18.8,0.031,19.1,,0.065,19.2
8/31/2017 10:00 PM,0.146,18.5,0.034,17.5,0.031,18.0,,0.064,18.0
8/31/2017 11:00 PM,0.146,17.9,0.034,16.8,0.031,17.4,,0.064,17.3
9/1/2017 12:00 AM,0.145,17.4,0.034,16.3,0.030,17.0,,0.064,16.7
9/1/2017 1:00 AM,0.145,16.9,0.034,15.6,0.030,16.4,,0.064,16.2
9/1/2017 2:00 AM,0.145,16.6,0.034,15.2,0.030,16.1,,0.064,15.8
9/1/2017 3:00 AM,0.144,16.1,0.034,14.6,0.030,15.6,,0.063,15.3
9/1/2017 4:00 AM,0.143,15.6,0.034,13.8,0.030,15.0,,0.063,14.6
9/1/2017 5:00 AM,0.143,15.1,0.034,13.2,0.029,14.4,,0.063,14.1
9/1/2017 6:00 AM,0.142,14.7,0.034,12.6,0.029,13.9,,0.063,13.5
9/1/2017 7:00 AM,0.142,14.2,0.033,12.1,0.029,13.5,,0.063,13.0
9/1/2017 8:00 AM,0.141,13.8,0.033,11.8,0.029,13.1,,0.063,12.7
9/1/2017 9:00 AM,0.142,13.9,0.034,12.8,0.029,13.5,,0.064,13.3
9/1/2017 10:00 AM,0.143,15.3,0.036,16.3,0.031,15.5,,0.065,15.9
9/1/2017 11:00 AM,0.145,17.7,0.039,20.9,0.033,18.4,,0.067,19.4
9/1/2017 12:00 PM,0.148,20.3,0.041,24.6,0.035,21.0,,0.069,22.8
9/1/2017 1:00 PM,0.150,22.3,0.042,27.2,0.037,22.8,,0.070,25.6
9/1/2017 2:00 PM,0.151,24.2,0.042,28.8,0.038,24.5,,0.071,27.8
9/1/2017 3:00 PM,0.153,25.6,0.041,29.7,0.039,25.7,,0.071,29.1
9/1/2017 4:00 PM,0.153,26.2,0.039,29.4,0.037,26.1,,0.069,29.0
9/1/2017 5:00 PM,0.152,26.2,0.038,28.7,0.035,26.1,,0.067,28.1
9/1/2017 6:00 PM,0.151,25.1,0.035,26.4,0.033,24.8,,0.064,26.3
9/1/2017 7:00 PM,0.148,23.8,0.034,24.8,0.032,23.8,,0.062,24.8
9/1/2017 8:00 PM,0.146,22.4,0.033,22.4,0.030,22.0,,0.061,22.4
9/1/2017 9:00 PM,0.145,21.0,0.032,20.1,0.029,20.3,,0.059,20.5
9/1/2017 10:00 PM,0.143,19.7,0.031,18.3,0.028,18.8,,0.058,18.9
9/1/2017 11:00 PM,0.142,18.8,0.031,17.2,0.028,17.9,,0.058,17.8
9/2/2017 12:00 AM,0.142,18.1,0.031,16.4,0.027,17.2,,0.057,17.0
9/2/2017 1:00 AM,0.141,17.3,0.030,15.3,0.027,16.4,,0.057,16.2
9/2/2017 2:00 AM,0.140,16.7,0.030,14.6,0.027,15.8,,0.057,15.5
9/2/2017 3:00 AM,0.140,16.2,0.030,14.0,0.026,15.2,,0.057,14.9
9/2/2017 4:00 AM,0.139,15.6,0.030,13.2,0.026,14.6,,0.057,14.3
9/2/2017 5:00 AM,0.139,15.1,0.030,12.6,0.026,14.0,,0.057,13.6
9/2/2017 6:00 AM,0.139,14.6,0.030,12.1,0.026,13.6,,0.057,13.1
9/2/2017 7:00 AM,0.138,14.1,0.030,11.6,0.026,13.2,,0.057,12.7
9/2/2017 8:00 AM,0.138,13.8,0.030,11.5,0.026,12.9,,0.057,12.4
9/2/2017 9:00 AM,0.138,13.9,0.031,12.4,0.026,13.3,,0.058,13.1
9/2/2017 10:00 AM,0.139,15.5,0.033,16.6,0.028,15.7,,0.059,16.3
9/2/2017 11:00 AM,0.142,18.3,0.036,22.3,0.031,19.1,,0.061,20.5
9/2/2017 12:00 PM,0.145,21.2,0.039,26.7,0.033,22.2,,0.063,24.4
9/2/2017 1:00 PM,0.147,23.7,0.040,29.9,0.035,24.8,,0.064,27.9
9/2/2017 2:00 PM,0.148,25.8,0.039,31.6,0.036,26.7,,0.065,30.5
9/2/2017 3:00 PM,0.149,27.2,0.038,32.3,0.036,27.9,,0.064,31.8
9/2/2017 4:00 PM,0.148,27.8,0.036,31.9,0.034,28.2,,0.061,31.5
9/2/2017 5:00 PM,0.148,27.8,0.035,31.0,0.033,28.1,,0.059,30.4
9/2/2017 6:00 PM,0.145,26.6,0.033,28.2,0.030,26.4,,0.057,28.1
9/2/2017 7:00 PM,0.143,25.0,0.032,26.2,0.029,25.2,,0.055,26.3
9/2/2017 8:00 PM,0.141,23.5,0.031,23.7,0.027,23.2,,0.054,23.8
9/2/2017 9:00 PM,0.139,22.1,0.030,21.5,0.025,21.5,,0.053,21.7
9/2/2017 10:00 PM,0.138,20.9,0.029,19.5,0.025,20.0,,0.051,20.1
9/2/2017 11:00 PM,0.137,19.9,0.029,18.3,0.024,18.9,,0.051,18.8
9/3/2017 12:00 AM,0.136,19.1,0.028,17.5,0.023,18.2,,0.051,18.0
9/3/2017 1:00 AM,0.136,18.5,0.028,16.7,0.023,17.6,,0.051,17.3
9/3/2017 2:00 AM,0.135,17.8,0.028,15.9,0.023,16.9,,0.050,16.6
9/3/2017 3:00 AM,0.134,17.3,0.028,15.2,0.023,16.3,,0.050,16.0
9/3/2017 4:00 AM,0.134,16.7,0.027,14.6,0.023,15.7,,0.050,15.4
9/3/2017 5:00 AM,0.134,16.3,0.027,14.0,0.022,15.3,,0.050,14.9
9/3/2017 6:00 AM,0.133,15.8,0.027,13.4,0.022,14.7,,0.050,14.4
9/3/2017 7:00 AM,0.133,15.3,0.027,12.8,0.022,14.2,,0.050,13.8
9/3/2017 8:00 AM,0.133,14.9,0.027,12.6,0.022,13.9,,0.050,13.5
9/3/2017 9:00 AM,0.133,15.0,0.028,13.6,0.022,14.3,,0.051,14.1
9/3/2017 10:00 AM,0.134,16.3,0.030,17.2,0.025,16.4,,0.052,16.8
9/3/2017 11:00 AM,0.136,18.6,0.033,22.0,0.027,19.3,,0.054,20.4
9/3/2017 12:00 PM,0.138,21.3,0.035,26.7,0.029,22.5,,0.056,24.4
9/3/2017 1:00 PM,0.140,23.8,0.036,30.0,0.031,25.0,,0.057,28.0
9/3/2017 2:00 PM,0.141,25.8,0.036,31.6,0.032,26.8,,0.057,30.3
9/3/2017 3:00 PM,0.141,27.1,0.035,32.4,0.032,28.0,,0.057,31.7
9/3/2017 4:00 PM,0.141,27.8,0.034,32.0,0.031,28.4,,0.055,31.6
9/3/2017 5:00 PM,0.140,27.8,0.033,31.2,0.029,28.3,,0.053,30.6
9/3/2017 6:00 PM,0.138,26.8,0.031,28.6,0.028,26.7,,0.052,28.4
9/3/2017 7:00 PM,0.136,25.4,0.030,26.5,0.026,25.4,,0.050,26.6
9/3/2017 8:00 PM,0.133,23.8,0.029,23.9,0.024,23.4,,0.049,23.9
9/3/2017 9:00 PM,0.131,22.3,0.028,21.5,0.022,21.6,,0.048,21.8
9/3/2017 10:00 PM,0.130,21.2,0.027,19.8,0.022,20.3,,0.047,20.3
9/3/2017 11:00 PM,0.129,20.2,0.027,18.6,0.021,19.2,,0.046,19.0
9/4/2017 12:00 AM,0.129,19.4,0.026,17.5,0.021,18.3,,0.046,18.1
9/4/2017 1:00 AM,0.128,18.6,0.026,16.5,0.021,17.5,,0.046,17.2
9/4/2017 2:00 AM,0.127,17.8,0.026,15.4,0.020,16.6,,0.046,16.3
9/4/2017 3:00 AM,0.127,17.2,0.026,14.8,0.020,16.1,,0.046,15.7
9/4/2017 4:00 AM,0.127,16.7,0.025,14.2,0.020,15.5,,0.046,15.2
9/4/2017 5:00 AM,0.126,16.2,0.025,13.5,0.020,15.0,,0.046,14.6
9/4/2017 6:00 AM,0.126,15.6,0.025,13.0,0.019,14.4,,0.046,14.1
9/4/2017 7:00 AM,0.125,15.1,0.025,12.2,0.019,13.8,,0.045,13.4
9/4/2017 8:00 AM,0.125,14.6,0.025,11.8,0.019,13.3,,0.045,12.9
9/4/2017 9:00 AM,0.125,14.7,0.026,13.0,0.020,13.7,,0.046,13.5
9/4/2017 10:00 AM,0.127,16.0,0.028,16.5,0.021,15.8,,0.047,16.0
9/4/2017 11:00 AM,0.129,17.7,0.030,20.0,0.023,18.1,,0.048,18.6
9/4/2017 12:00 PM,0.129,19.5,0.031,23.1,0.025,20.3,,0.050,21.3
9/4/2017 1:00 PM,0.131,21.5,0.033,26.2,0.026,22.5,,0.051,24.3
9/4/2017 2:00 PM,0.133,23.4,0.033,28.1,0.028,24.3,,0.052,26.8
9/4/2017 3:00 PM,0.133,24.7,0.033,29.0,0.028,25.5,,0.052,28.2
9/4/2017 4:00 PM,0.133,25.2,0.032,28.8,0.028,25.7,,0.051,28.1
9/4/2017 5:00 PM,0.131,25.0,0.031,27.7,0.026,25.3,,0.050,27.1
9/4/2017 6:00 PM,0.129,24.1,0.030,25.6,0.025,24.0,,0.048,25.1
9/4/2017 7:00 PM,0.127,22.8,0.029,23.3,0.023,22.6,,0.047,23.2
9/4/2017 8:00 PM,0.125,21.5,0.028,20.9,0.022,20.9,,0.046,21.1
9/4/2017 9:00 PM,0.124,20.1,0.027,18.6,0.021,19.2,,0.045,19.1
9/4/2017 10:00 PM,0.124,19.0,0.026,17.1,0.021,18.0,,0.045,17.8
9/4/2017 11:00 PM,0.123,18.2,0.026,16.0,0.020,17.2,,0.044,16.8
9/5/2017 12:00 AM,0.122,17.4,0.026,14.9,0.020,16.3,,0.044,15.9
9/5/2017 1:00 AM,0.122,16.6,0.025,13.8,0.020,15.4,,0.044,15.0
9/5/2017 2:00 AM,0.121,15.8,0.025,12.8,0.019,14.5,,0.044,14.1
9/5/2017 3:00 AM,0.121,15.1,0.025,12.0,0.019,13.8,,0.044,13.3
9/5/2017 4:00 AM,0.121,14.5,0.024,11.2,0.019,13.0,,0.044,12.6
9/5/2017 5:00 AM,0.121,13.9,0.024,10.6,0.018,12.4,,0.044,12.0
9/5/2017 6:00 AM,0.121,13.4,0.024,10.0,0.018,11.9,,0.044,11.5
9/5/2017 7:00 AM,0.120,12.9,0.024,9.4,0.018,11.3,,0.044,11.0
9/5/2017 8:00 AM,0.120,12.5,0.024,9.4,0.018,11.1,,0.044,10.7
9/5/2017 9:00 AM,0.121,12.8,0.025,10.8,0.019,11.8,,0.044,11.5
9/5/2017 10:00 AM,0.122,14.3,0.027,14.9,0.020,14.2,,0.046,14.5
9/5/2017 11:00 AM,0.125,16.8,0.030,19.9,0.023,17.4,,0.048,18.5
9/5/2017 12:00 PM,0.126,19.4,0.032,24.1,0.025,20.4,,0.050,22.4
9/5/2017 1:00 PM,0.128,21.7,0.034,27.1,0.027,22.8,,0.051,25.7
9/5/2017 2:00 PM,0.129,23.8,0.034,29.0,0.029,24.8,,0.052,28.4
9/5/2017 3:00 PM,0.131,25.4,0.033,30.0,0.029,26.1,,0.052,30.1
9/5/2017 4:00 PM,0.130,26.0,0.032,29.8,0.028,26.5,,0.051,29.9
9/5/2017 5:00 PM,0.129,26.1,0.031,29.0,0.027,26.5,,0.049,29.1
9/5/2017 6:00 PM,0.127,25.1,0.030,26.5,0.025,24.9,,0.048,26.7
9/5/2017 7:00 PM,0.125,23.7,0.029,24.3,0.023,23.6,,0.046,24.7
9/5/2017 8:00 PM,0.122,21.9,0.027,21.2,0.021,21.3,,0.045,21.8
9/5/2017 9:00 PM,0.121,20.4,0.026,18.9,0.021,19.4,,0.044,19.6
9/5/2017 10:00 PM,0.120,19.3,0.026,17.6,0.020,18.4,,0.043,18.3
9/5/2017 11:00 PM,0.119,18.3,0.025,16.0,0.019,17.2,,0.043,17.0
9/6/2017 12:00 AM,0.118,17.3,0.025,14.7,0.019,16.0,,0.043,15.8
9/6/2017 1:00 AM,0.118,16.5,0.024,13.7,0.019,15.2,,0.042,14.9
9/6/2017 2:00 AM,0.117,15.8,0.024,12.9,0.018,14.5,,0.042,14.1
9/6/2017 3:00 AM,0.117,15.1,0.023,11.9,0.018,13.6,,0.042,13.2
9/6/2017 4:00 AM,0.117,14.5,0.023,11.2,0.018,13.0,,0.042,12.6
9/6/2017 5:00 AM,0.117,13.9,0.023,10.6,0.017,12.5,,0.042,12.0
9/6/2017 6:00 AM,0.117,13.4,0.023,10.0,0.017,11.8,,0.042,11.4
9/6/2017 7:00 AM,0.116,12.9,0.023,9.6,0.017,11.4,,0.042,11.0
9/6/2017 8:00 AM,0.116,12.6,0.023,9.5,0.017,11.2,,0.042,10.7
9/6/2017 9:00 AM,0.117,12.7,0.023,10.6,0.018,11.7,,0.042,11.4
9/6/2017 10:00 AM,0.118,14.0,0.026,14.3,0.019,13.8,,0.044,14.1
9/6/2017 11:00 AM,0.120,16.7,0.029,20.1,0.022,17.3,,0.046,18.5
9/6/2017 12:00 PM,0.123,19.7,0.032,25.0,0.024,20.8,,0.048,23.0
9/6/2017 1:00 PM,0.124,22.0,0.033,27.9,0.026,23.2,,0.049,26.3
9/6/2017 2:00 PM,0.125,23.9,0.033,29.5,0.027,25.0,,0.050,28.4
9/6/2017 3:00 PM,0.126,25.2,0.032,30.1,0.027,26.1,,0.049,29.6
9/6/2017 4:00 PM,0.125,25.6,0.031,29.6,0.027,26.2,,0.048,29.2
9/6/2017 5:00 PM,0.124,25.1,0.030,28.0,0.025,25.4,,0.047,27.5
9/6/2017 6:00 PM,0.122,24.2,0.029,26.0,0.023,24.1,,0.045,25.6
9/6/2017 7:00 PM,0.124,23.1,0.012,24.0,0.010,22.8,,0.045,24.0
9/6/2017 8:00 PM,0.129,21.8,-0.013,18.2,-0.022,18.0,,0.048,21.8
9/6/2017 9:00 PM,0.127,20.4,-0.014,15.5,-0.022,16.0,,0.047,19.8
9/6/2017 10:00 PM,0.126,19.3,-0.015,12.8,-0.023,13.2,,0.047,18.3
9/6/2017 11:00 PM,0.125,18.3,-0.015,10.6,-0.023,10.6,,0.046,17.1
9/7/2017 12:00 AM,0.125,17.5,-0.015,8.8,-0.023,8.5,,0.046,16.1
9/7/2017 1:00 AM,0.124,16.6,-0.015,7.1,-0.023,6.7,,0.045,15.1
9/7/2017 2:00 AM,0.124,15.9,-0.015,5.8,-0.023,5.3,,0.045,14.2
9/7/2017 3:00 AM,0.123,15.2,-0.015,5.0,-0.023,4.6,,0.045,13.4
9/7/2017 4:00 AM,0.123,14.7,-0.015,5.6,-0.023,5.6,,0.045,13.0
9/7/2017 5:00 AM,0.122,14.3,-0.015,4.6,-0.023,4.3,,0.045,12.5
9/7/2017 6:00 AM,0.122,13.8,-0.015,3.9,-0.023,3.7,,0.045,12.0
9/7/2017 7:00 AM,0.122,13.4,-0.015,3.4,-0.023,3.1,,0.045,11.6
9/7/2017 8:00 AM,0.122,13.1,-0.015,4.7,-0.023,4.5,,0.045,11.4
9/7/2017 9:00 AM,0.122,13.2,-0.015,9.9,-0.023,8.8,,0.045,11.9
9/7/2017 10:00 AM,0.123,14.3,-0.014,20.2,-0.022,17.2,,0.046,14.1
9/7/2017 11:00 AM,0.125,16.3,-0.013,31.3,-0.022,25.8,,0.048,17.4
9/7/2017 12:00 PM,0.127,18.8,-0.013,40.6,-0.021,34.3,,0.050,21.1
9/7/2017 1:00 PM,0.129,21.3,-0.012,47.0,-0.021,40.9,,0.051,24.6
9/7/2017 2:00 PM,0.130,23.3,-0.012,50.0,-0.020,46.7,,0.052,27.3
9/7/2017 3:00 PM,0.132,24.8,-0.012,49.7,-0.020,48.0,,0.053,28.9
9/7/2017 4:00 PM,0.132,25.4,-0.013,44.6,-0.020,44.0,,0.052,29.0
9/7/2017 5:00 PM,0.131,25.1,-0.014,37.1,-0.021,37.4,,0.051,27.9
9/7/2017 6:00 PM,0.129,24.3,-0.014,32.3,-0.022,32.7,,0.049,25.9
9/7/2017 7:00 PM,0.127,23.1,-0.015,25.0,-0.022,25.2,,0.048,24.1
9/7/2017 8:00 PM,0.125,21.6,-0.015,17.8,-0.022,17.7,,0.047,21.6
9/7/2017 9:00 PM,0.124,20.1,-0.016,13.6,-0.023,13.3,,0.046,19.5
9/7/2017 10:00 PM,0.122,18.9,-0.016,11.0,-0.023,10.5,,0.045,17.8
9/7/2017 11:00 PM,0.121,17.8,-0.017,9.1,-0.023,8.5,,0.045,16.5
9/8/2017 12:00 AM,0.121,17.0,-0.017,9.1,-0.023,8.9,,0.044,15.6
9/8/2017 1:00 AM,0.121,16.5,-0.016,9.3,-0.023,9.4,,0.044,15.1
9/8/2017 2:00 AM,0.120,16.0,-0.017,6.9,-0.023,6.5,,0.044,14.4
9/8/2017 3:00 AM,0.120,15.3,-0.017,6.3,-0.023,5.9,,0.044,13.6
9/8/2017 4:00 AM,0.119,14.8,-0.017,5.6,-0.023,5.3,,0.044,13.1
9/8/2017 5:00 AM,0.119,14.3,-0.017,4.9,-0.023,4.5,,0.044,12.5
9/8/2017 6:00 AM,0.119,13.9,-0.017,4.7,-0.023,4.4,,0.044,12.1
9/8/2017 7:00 AM,0.119,13.5,-0.017,4.3,-0.023,4.0,,0.044,11.8
9/8/2017 8:00 AM,0.119,13.2,-0.017,5.1,-0.023,4.7,,0.044,11.5
9/8/2017 9:00 AM,0.119,13.3,-0.015,10.6,-0.023,9.4,,0.044,12.0
9/8/2017 10:00 AM,0.120,14.4,-0.014,20.3,-0.022,17.3,,0.045,14.2
9/8/2017 11:00 AM,0.121,16.3,-0.014,30.8,-0.022,26.6,,0.047,17.4
9/8/2017 12:00 PM,0.123,18.7,-0.013,40.3,-0.021,35.4,,0.049,21.0
9/8/2017 1:00 PM,0.125,21.2,-0.012,46.7,-0.021,42.7,,0.050,24.5
9/8/2017 2:00 PM,0.127,23.3,-0.012,50.0,-0.020,46.5,,0.051,27.2
9/8/2017 3:00 PM,0.128,24.5,-0.013,40.3,-0.021,39.2,,0.051,28.1
9/8/2017 4:00 PM,0.127,23.7,-0.014,32.7,-0.022,32.8,,0.050,25.8
9/8/2017 5:00 PM,0.125,22.6,-0.013,22.6,-0.022,22.6,,0.048,23.7
9/8/2017 6:00 PM,0.123,21.1,-0.007,18.6,-0.022,19.2,,0.047,21.4
9/8/2017 7:00 PM,0.122,20.2,-0.005,16.6,-0.021,17.0,,0.046,20.1
9/8/2017 8:00 PM,0.121,19.3,-0.002,14.7,-0.020,14.3,,0.046,18.8
9/8/2017 9:00 PM,0.120,18.5,-0.003,13.2,-0.021,12.8,,0.045,17.8
9/8/2017 10:00 PM,0.119,17.7,-0.004,11.3,-0.022,11.0,,0.045,16.7
9/8/2017 11:00 PM,0.119,16.9,-0.005,10.1,-0.022,9.8,,0.045,15.7
9/9/2017 12:00 AM,0.118,16.2,-0.005,8.8,-0.022,8.3,,0.045,14.9
9/9/2017 1:00 AM,0.118,15.7,-0.005,8.7,-0.022,8.1,,0.044,14.3
9/9/2017 2:00 AM,0.118,15.2,-0.006,7.9,-0.022,7.6,,0.044,13.8
9/9/2017 3:00 AM,0.118,14.8,-0.006,7.2,-0.022,7.0,,0.044,13.2
9/9/2017 4:00 AM,0.117,14.3,-0.006,6.4,-0.022,6.1,,0.044,12.7
9/9/2017 5:00 AM,0.117,13.9,-0.006,6.2,-0.022,6.0,,0.044,12.3
9/9/2017 6:00 AM,0.117,13.6,-0.006,5.8,-0.022,5.5,,0.044,12.0
9/9/2017 7:00 AM,0.117,13.2,-0.006,5.3,-0.022,5.1,,0.044,11.6
9/9/2017 8:00 AM,0.117,12.9,-0.006,5.8,-0.022,5.5,,0.044,11.4
9/9/2017 9:00 AM,0.118,13.2,-0.007,12.1,-0.022,10.3,,0.045,12.0
9/9/2017 10:00 AM,0.119,14.8,-0.008,24.9,-0.022,20.2,,0.046,15.0
9/9/2017 11:00 AM,0.121,17.2,-0.010,36.8,-0.021,29.9,,0.048,18.9
9/9/2017 12:00 PM,0.124,19.9,-0.010,45.2,-0.021,38.5,,0.051,22.9
9/9/2017 1:00 PM,0.126,22.3,-0.011,48.6,-0.020,44.0,,0.052,26.2
9/9/2017 2:00 PM,0.127,23.5,-0.011,38.5,-0.021,36.8,,0.053,27.1
9/9/2017 3:00 PM,0.125,22.4,-0.007,32.3,-0.020,32.1,,0.051,24.4
9/9/2017 4:00 PM,0.126,22.9,-0.009,42.4,-0.020,43.8,,0.051,25.8
9/9/2017 5:00 PM,0.127,23.3,-0.009,34.2,-0.021,34.5,,0.051,26.0
9/9/2017 6:00 PM,0.126,22.4,-0.010,29.2,-0.022,28.9,,0.050,24.1
9/9/2017 7:00 PM,0.125,21.6,-0.010,23.5,-0.022,23.4,,0.049,22.7
9/9/2017 8:00 PM,0.124,20.6,-0.010,18.6,-0.022,18.4,,0.048,21.0
9/9/2017 9:00 PM,0.123,19.6,-0.011,16.4,-0.022,16.1,,0.047,19.5
9/9/2017 10:00 PM,0.122,18.9,-0.011,14.5,-0.022,14.2,,0.047,18.4
9/9/2017 11:00 PM,0.121,18.1,-0.011,12.4,-0.023,12.0,,0.046,17.3
9/10/2017 12:00 AM,0.121,17.5,-0.011,12.7,-0.023,12.5,,0.046,16.7
9/10/2017 1:00 AM,0.121,17.0,-0.011,11.2,-0.023,10.9,,0.046,16.1
9/10/2017 2:00 AM,0.120,16.5,-0.011,10.4,-0.023,10.1,,0.046,15.4
9/10/2017 3:00 AM,0.120,16.1,-0.011,10.3,-0.023,10.0,,0.046,15.0
9/10/2017 4:00 AM,0.120,15.7,-0.011,10.1,-0.023,9.7,,0.046,14.7
9/10/2017 5:00 AM,0.119,15.4,-0.011,9.4,-0.023,8.9,,0.046,14.3
9/10/2017 6:00 AM,0.119,15.1,-0.011,10.3,-0.023,9.9,,0.046,14.1
9/10/2017 7:00 AM,0.119,15.1,-0.011,9.9,-0.023,9.4,,0.046,14.1
9/10/2017 8:00 AM,0.119,14.8,-0.011,10.0,-0.023,9.6,,0.045,13.7
9/10/2017 9:00 AM,0.119,14.9,-0.010,13.6,-0.022,13.4,,0.046,14.2
9/10/2017 10:00 AM,0.120,15.5,-0.010,17.8,-0.022,17.5,,0.046,15.2
9/10/2017 11:00 AM,0.121,17.0,-0.009,34.1,-0.021,30.1,,0.048,18.1
9/10/2017 12:00 PM,0.124,20.0,-0.009,41.3,-0.021,36.6,,0.050,22.6
9/10/2017 1:00 PM,0.126,22.4,-0.008,48.5,-0.020,44.4,,0.052,25.9
9/10/2017 2:00 PM,0.127,23.4,-0.010,34.9,-0.021,34.0,,0.052,26.1
9/10/2017 3:00 PM,0.127,23.6,-0.009,48.3,-0.020,48.6,,0.052,26.7
9/10/2017 4:00 PM,0.129,24.9,-0.009,43.6,-0.020,45.2,,0.052,28.4
9/10/2017 5:00 PM,0.129,25.0,-0.009,39.9,-0.021,42.6,,0.052,28.2
9/10/2017 6:00 PM,0.127,24.4,-0.010,31.8,-0.022,32.6,,0.050,26.1
9/10/2017 7:00 PM,0.126,23.2,-0.010,27.1,-0.022,27.0,,0.049,24.6
9/10/2017 8:00 PM,0.125,22.2,-0.011,21.3,-0.022,20.9,,0.048,22.7
9/10/2017 9:00 PM,0.123,21.0,-0.011,17.3,-0.022,16.9,,0.047,20.8
9/10/2017 10:00 PM,0.122,19.9,-0.012,15.3,-0.022,14.9,,0.046,19.3
9/10/2017 11:00 PM,0.121,19.1,-0.012,13.8,-0.023,13.2,,0.046,18.3
9/11/2017 12:00 AM,0.120,18.2,-0.012,11.1,-0.023,10.3,,0.045,17.1
9/11/2017 1:00 AM,0.119,17.4,-0.012,10.0,-0.023,9.3,,0.045,16.1
9/11/2017 2:00 AM,0.119,16.7,-0.012,9.4,-0.023,8.7,,0.045,15.4
9/11/2017 3:00 AM,0.118,16.2,-0.012,8.9,-0.023,8.3,,0.045,14.8
9/11/2017 4:00 AM,0.118,15.7,-0.012,8.1,-0.023,7.5,,0.044,14.3
9/11/2017 5:00 AM,0.117,15.2,-0.012,7.1,-0.023,6.3,,0.044,13.7
9/11/2017 6:00 AM,0.117,14.8,-0.012,6.9,-0.023,6.3,,0.044,13.2
9/11/2017 7:00 AM,0.117,14.4,-0.012,6.5,-0.023,5.9,,0.044,12.9
9/11/2017 8:00 AM,0.117,14.1,-0.012,6.9,-0.023,6.3,,0.044,12.5
9/11/2017 9:00 AM,0.117,14.4,-0.011,14.7,-0.023,12.1,,0.044,13.2
9/11/2017 10:00 AM,0.119,16.0,-0.010,28.7,-0.022,22.9,,0.046,16.5
9/11/2017 11:00 AM,0.121,18.7,-0.009,40.1,-0.021,33.6,,0.048,20.7
9/11/2017 12:00 PM,0.123,21.6,-0.009,48.3,-0.020,42.7,,0.050,24.8
9/11/2017 1:00 PM,0.126,24.0,-0.009,53.5,-0.020,50.0,,0.052,28.1
9/11/2017 2:00 PM,0.128,25.8,-0.009,56.0,-0.020,54.5,,0.053,30.6
9/11/2017 3:00 PM,0.129,27.0,-0.009,55.5,-0.020,55.0,,0.053,32.1
9/11/2017 4:00 PM,0.129,27.6,-0.009,50.5,-0.020,53.5,,0.052,32.1
9/11/2017 5:00 PM,0.129,27.6,-0.010,44.2,-0.020,47.2,,0.051,31.4
9/11/2017 6:00 PM,0.127,26.5,-0.012,34.4,-0.021,35.3,,0.049,28.3
9/11/2017 7:00 PM,0.125,24.8,-0.012,25.7,-0.022,25.2,,0.048,26.0
9/11/2017 8:00 PM,0.122,23.0,-0.013,19.1,-0.022,18.2,,0.046,23.1
9/11/2017 9:00 PM,0.120,21.3,-0.013,14.7,-0.023,13.6,,0.045,20.8
9/11/2017 10:00 PM,0.118,20.0,-0.013,12.6,-0.023,11.6,,0.044,19.0
9/11/2017 11:00 PM,0.117,18.9,-0.013,11.3,-0.023,10.3,,0.043,17.8
9/12/2017 12:00 AM,0.117,18.2,-0.013,11.2,-0.023,10.5,,0.043,16.9
9/12/2017 1:00 AM,0.116,17.7,-0.013,10.5,-0.023,9.7,,0.043,16.4
9/12/2017 2:00 AM,0.115,17.0,-0.013,8.5,-0.023,7.6,,0.043,15.5
9/12/2017 3:00 AM,0.115,16.4,-0.013,8.3,-0.023,7.6,,0.043,14.9
9/12/2017 4:00 AM,0.114,15.9,-0.013,7.8,-0.023,7.1,,0.042,14.3
9/12/2017 5:00 AM,0.114,15.4,-0.013,7.2,-0.023,6.6,,0.042,13.8
9/12/2017 6:00 AM,0.113,15.0,-0.013,6.4,-0.023,5.6,,0.042,13.3
9/12/2017 7:00 AM,0.113,14.5,-0.013,5.3,-0.023,4.5,,0.042,12.8
9/12/2017 8:00 AM,0.113,14.1,-0.013,6.2,-0.023,5.5,,0.042,12.3
9/12/2017 9:00 AM,0.113,14.3,-0.012,14.3,-0.023,11.5,,0.042,13.1
9/12/2017 10:00 AM,0.115,15.9,-0.011,27.8,-0.022,22.4,,0.044,16.4
9/12/2017 11:00 AM,0.117,18.7,-0.010,40.1,-0.021,33.7,,0.046,20.7
9/12/2017 12:00 PM,0.120,21.7,-0.009,49.2,-0.020,43.5,,0.048,25.0
9/12/2017 1:00 PM,0.123,24.3,-0.009,54.5,-0.020,51.0,,0.050,28.5
9/12/2017 2:00 PM,0.125,26.2,-0.009,57.5,-0.020,55.0,,0.051,31.2
9/12/2017 3:00 PM,0.125,27.4,-0.009,53.5,-0.020,54.0,,0.051,32.4
9/12/2017 4:00 PM,0.125,27.2,-0.010,41.1,-0.021,41.3,,0.049,31.0
9/12/2017 5:00 PM,0.123,26.2,-0.011,36.0,-0.021,37.3,,0.048,28.8
9/12/2017 6:00 PM,0.122,25.2,-0.012,31.5,-0.022,31.7,,0.046,26.5
9/12/2017 7:00 PM,0.120,24.2,-0.012,26.9,-0.022,26.6,,0.045,25.3
9/12/2017 8:00 PM,0.118,22.9,-0.012,19.6,-0.022,18.9,,0.044,23.0
9/12/2017 9:00 PM,0.117,21.3,-0.013,15.7,-0.023,15.1,,0.043,20.8
9/12/2017 10:00 PM,0.115,20.0,-0.013,12.8,-0.023,11.8,,0.043,19.1
9/12/2017 11:00 PM,0.114,19.0,-0.013,12.9,-0.023,12.2,,0.042,18.0
9/13/2017 12:00 AM,0.113,18.3,-0.013,11.3,-0.023,10.4,,0.042,17.1
9/13/2017 1:00 AM,0.112,17.7,-0.013,10.8,-0.023,10.2,,0.042,16.4
9/13/2017 2:00 AM,0.112,17.2,-0.013,10.9,-0.023,10.2,,0.041,15.9
9/13/2017 3:00 AM,0.112,16.8,-0.013,11.1,-0.023,10.5,,0.041,15.5
9/13/2017 4:00 AM,0.112,16.6,-0.013,11.8,-0.023,11.2,,0.041,15.5
9/13/2017 5:00 AM,0.111,16.4,-0.013,10.6,-0.023,10.0,,0.041,15.2
9/13/2017 6:00 AM,0.111,16.0,-0.013,9.9,-0.023,9.3,,0.041,14.8
9/13/2017 7:00 AM,0.110,15.7,-0.013,10.3,-0.023,9.8,,0.041,14.6
9/13/2017 8:00 AM,0.110,15.5,-0.013,10.0,-0.023,9.3,,0.041,14.3
9/13/2017 9:00 AM,0.110,15.5,-0.012,13.4,-0.023,12.9,,0.042,14.6
9/13/2017 10:00 AM,0.112,16.5,-0.011,25.7,-0.022,22.4,,0.042,16.5
9/13/2017 11:00 AM,0.113,18.5,-0.010,31.1,-0.022,28.3,,0.044,19.7
9/13/2017 12:00 PM,0.116,20.8,-0.009,44.7,-0.021,41.8,,0.046,23.2
9/13/2017 1:00 PM,0.118,23.2,-0.010,41.8,-0.021,40.7,,0.047,26.4
9/13/2017 2:00 PM,0.120,24.6,-0.009,49.5,-0.020,48.3,,0.048,28.3
9/13/2017 3:00 PM,0.121,25.6,-0.009,46.3,-0.020,45.9,,0.048,29.6
9/13/2017 4:00 PM,0.120,25.4,-0.010,33.5,-0.022,33.1,,0.047,28.3
9/13/2017 5:00 PM,0.119,24.3,-0.011,25.7,-0.022,24.9,,0.046,26.0
9/13/2017 6:00 PM,0.116,22.2,0.009,15.7,-0.020,14.9,,0.044,22.4
9/13/2017 7:00 PM,0.113,20.6,0.004,15.8,-0.020,15.6,,0.043,20.3
9/13/2017 8:00 PM,0.113,19.7,0.003,13.5,-0.021,12.8,,0.042,19.0
9/13/2017 9:00 PM,0.112,18.5,0.002,11.2,-0.021,10.3,,0.042,17.5
9/13/2017 10:00 PM,0.110,17.6,0.001,10.4,-0.021,9.7,,0.041,16.4
9/13/2017 11:00 PM,0.110,16.9,0.001,9.8,-0.021,9.1,,0.041,15.6
9/14/2017 12:00 AM,0.110,16.4,0.000,9.2,-0.022,8.5,,0.041,15.0
9/14/2017 1:00 AM,0.109,15.9,0.000,8.4,-0.021,7.8,,0.041,14.5
9/14/2017 2:00 AM,0.108,15.3,0.000,7.3,-0.021,6.7,,0.041,13.7
9/14/2017 3:00 AM,0.108,14.8,0.000,7.2,-0.021,6.7,,0.041,13.2
9/14/2017 4:00 AM,0.108,14.5,-0.001,7.4,-0.021,6.9,,0.041,13.0
9/14/2017 5:00 AM,0.108,14.3,-0.001,7.6,-0.021,7.1,,0.041,12.8
9/14/2017 6:00 AM,0.108,14.2,-0.002,7.9,-0.022,7.3,,0.041,12.8
9/14/2017 7:00 AM,0.108,14.1,-0.002,8.6,-0.022,8.1,,0.041,12.8
9/14/2017 8:00 AM,0.108,14.1,-0.003,9.5,-0.022,9.0,,0.041,13.0
9/14/2017 9:00 AM,0.109,14.3,-0.003,13.4,-0.022,12.7,,0.042,13.5
9/14/2017 10:00 AM,0.110,15.6,-0.006,22.4,-0.022,20.6,,0.043,15.9
9/14/2017 11:00 AM,0.111,16.6,-0.008,20.1,-0.022,20.4,,0.043,17.1
9/14/2017 12:00 PM,0.112,16.9,-0.008,20.6,-0.022,21.2,,0.044,17.5
9/14/2017 1:00 PM,0.112,17.9,-0.009,28.3,-0.022,28.6,,0.044,19.0
9/14/2017 2:00 PM,0.114,19.5,-0.009,34.6,-0.021,35.7,,0.046,21.4
9/14/2017 3:00 PM,0.117,21.3,-0.009,37.5,-0.021,38.5,,0.048,24.0
9/14/2017 4:00 PM,0.116,20.8,-0.010,20.8,-0.022,20.2,,0.047,22.1
9/14/2017 5:00 PM,0.114,19.0,0.003,14.0,-0.020,13.1,,0.045,19.1
9/14/2017 6:00 PM,0.111,17.7,0.036,13.5,-0.019,12.9,,0.044,17.2
9/14/2017 7:00 PM,0.111,17.0,0.028,13.3,-0.020,13.0,,0.045,16.3
9/14/2017 8:00 PM,0.110,16.3,0.025,12.0,-0.020,11.4,,0.046,15.2
9/14/2017 9:00 PM,0.110,15.6,0.022,10.5,-0.020,9.7,,0.046,14.2
9/14/2017 10:00 PM,0.109,14.8,0.025,9.5,-0.020,8.7,,0.046,13.2
9/14/2017 11:00 PM,0.109,14.1,0.057,8.6,-0.018,7.9,,0.049,12.4
9/15/2017 12:00 AM,0.109,13.4,0.070,8.1,-0.017,7.4,,0.065,11.6
9/15/2017 1:00 AM,0.131,12.1,0.113,7.4,-0.014,6.9,,0.096,11.0
9/15/2017 2:00 AM,0.214,10.2,0.147,6.7,-0.008,6.2,,0.146,10.1
9/15/2017 3:00 AM,0.244,9.9,0.140,6.4,-0.014,5.8,,0.176,9.5
9/15/2017 4:00 AM,0.250,9.8,0.135,6.2,-0.015,5.7,,0.183,9.2
9/15/2017 5:00 AM,0.250,9.8,0.130,6.2,-0.015,5.7,,0.180,9.1
9/15/2017 6:00 AM,0.253,9.7,0.130,6.1,-0.015,5.6,,0.180,9.0
9/15/2017 7:00 AM,0.256,9.5,0.131,5.9,-0.015,5.5,,0.180,8.8
9/15/2017 8:00 AM,0.258,9.3,0.131,6.0,-0.015,5.6,,0.181,8.7
9/15/2017 9:00 AM,0.257,9.5,0.129,6.7,-0.015,6.6,,0.178,8.8
9/15/2017 10:00 AM,0.255,9.9,0.127,8.6,-0.016,8.6,,0.176,9.4
9/15/2017 11:00 AM,0.252,10.7,0.124,10.5,-0.016,10.7,,0.173,10.5
9/15/2017 12:00 PM,0.249,11.3,0.121,10.5,-0.017,10.6,,0.170,11.1
9/15/2017 1:00 PM,0.247,11.7,0.118,11.4,-0.017,11.7,,0.168,11.6
9/15/2017 2:00 PM,0.244,12.0,0.117,10.9,-0.017,11.1,,0.166,11.9
9/15/2017 3:00 PM,0.244,11.9,0.117,11.2,-0.017,11.6,,0.166,11.9
9/15/2017 4:00 PM,0.243,11.9,0.115,10.3,-0.017,10.4,,0.165,12.0
9/15/2017 5:00 PM,0.246,11.4,0.119,8.6,-0.017,8.4,,0.167,11.3
9/15/2017 6:00 PM,0.256,10.8,0.125,7.9,-0.015,7.6,,0.173,10.6
9/15/2017 7:00 PM,0.262,10.3,0.129,6.7,-0.015,6.3,,0.178,9.9
9/15/2017 8:00 PM,0.279,9.2,0.139,5.1,-0.014,4.4,,0.196,8.9
9/15/2017 9:00 PM,0.275,8.5,0.131,5.0,-0.015,4.4,,0.197,8.2
9/15/2017 10:00 PM,0.269,8.4,0.126,5.0,-0.016,4.5,,0.188,8.0
9/15/2017 11:00 PM,0.273,8.2,0.129,4.4,-0.015,3.8,,0.191,7.7
9/16/2017 12:00 AM,0.270,7.9,0.125,4.5,-0.016,4.0,,0.188,7.3
9/16/2017 1:00 AM,0.270,7.8,0.126,3.9,-0.015,3.3,,0.186,7.2
9/16/2017 2:00 AM,0.281,6.7,0.136,2.2,-0.014,1.7,,0.201,6.0
9/16/2017 3:00 AM,0.281,6.2,0.131,2.7,-0.015,2.1,,0.201,5.6
9/16/2017 4:00 AM,0.278,6.3,0.128,3.1,-0.016,2.7,,0.197,5.7
9/16/2017 5:00 AM,0.275,6.4,0.125,3.1,-0.016,2.7,,0.191,5.8
9/16/2017 6:00 AM,0.272,6.4,0.124,3.2,-0.016,2.7,,0.187,5.8
9/16/2017 7:00 AM,0.270,6.4,0.122,3.5,-0.017,3.1,,0.184,5.8
9/16/2017 8:00 AM,0.268,6.5,0.121,3.6,-0.017,3.2,,0.181,5.9
9/16/2017 9:00 AM,0.266,6.7,0.120,4.7,-0.017,4.5,,0.179,6.2
9/16/2017 10:00 AM,0.266,7.3,0.122,7.4,-0.016,7.5,,0.179,7.0
9/16/2017 11:00 AM,0.267,8.4,0.124,8.8,-0.016,8.8,,0.181,8.4
9/16/2017 12:00 PM,0.267,9.9,0.126,19.5,-0.015,19.3,,0.181,10.8
9/16/2017 1:00 PM,0.260,12.6,0.121,19.4,-0.017,18.7,,0.176,13.8
9/16/2017 2:00 PM,0.255,12.8,0.117,14.0,-0.018,14.0,,0.172,13.4
9/16/2017 3:00 PM,0.252,12.3,0.114,13.3,-0.018,13.4,,0.169,12.6
9/16/2017 4:00 PM,0.250,12.0,0.112,12.3,-0.018,12.4,,0.167,12.2
9/16/2017 5:00 PM,0.248,11.4,0.110,9.8,-0.018,9.6,,0.164,11.2
9/16/2017 6:00 PM,0.246,10.9,0.109,9.5,-0.018,9.3,,0.163,10.8
9/16/2017 7:00 PM,0.244,10.4,0.107,7.8,-0.018,7.3,,0.162,10.0
9/16/2017 8:00 PM,0.243,9.7,0.106,6.5,-0.018,5.9,,0.161,9.2
9/16/2017 9:00 PM,0.243,9.1,0.105,5.9,-0.019,5.3,,0.160,8.6
9/16/2017 10:00 PM,0.242,8.6,0.104,4.7,-0.019,3.9,,0.159,8.1
9/16/2017 11:00 PM,0.241,7.9,0.103,2.9,-0.018,2.1,,0.159,7.1
9/17/2017 12:00 AM,0.241,7.1,0.103,2.0,-0.018,1.3,,0.158,6.3
9/17/2017 1:00 AM,0.241,6.5,0.101,1.2,-0.018,0.4,,0.157,5.6
9/17/2017 2:00 AM,0.239,5.9,0.100,0.7,-0.018,0.1,,0.156,5.0
9/17/2017 3:00 AM,0.236,5.5,0.062,0.2,-0.020,-0.2,,0.155,4.6
9/17/2017 4:00 AM,0.232,5.2,-0.002,-0.4,-0.020,-0.7,,0.153,4.2
9/17/2017 5:00 AM,0.230,5.0,-0.009,-0.6,-0.021,-0.8,,0.151,4.0
9/17/2017 6:00 AM,0.228,4.8,-0.012,-0.8,-0.022,-1.1,,0.150,3.9
9/17/2017 7:00 AM,0.227,4.6,-0.014,-1.1,-0.022,-1.5,,0.148,3.7
9/17/2017 8:00 AM,0.225,4.5,-0.014,-0.9,-0.022,-1.4,,0.146,3.7
9/17/2017 9:00 AM,0.223,4.4,-0.009,2.5,-0.022,0.3,,0.147,3.7
9/17/2017 10:00 AM,0.228,5.2,0.008,11.1,-0.019,7.9,,0.153,5.7
9/17/2017 11:00 AM,0.232,7.6,0.012,19.3,-0.019,16.2,,0.155,9.0
9/17/2017 12:00 PM,0.233,11.1,0.012,26.4,-0.019,23.8,,0.156,13.1
9/17/2017 1:00 PM,0.231,13.5,0.012,24.9,-0.019,23.7,,0.155,15.4
9/17/2017 2:00 PM,0.228,14.7,0.011,26.8,-0.020,26.7,,0.153,16.5
9/17/2017 3:00 PM,0.226,14.9,0.010,20.4,-0.020,20.3,,0.151,16.0
9/17/2017 4:00 PM,0.223,14.6,0.009,22.2,-0.020,23.4,,0.148,15.3
9/17/2017 5:00 PM,0.221,14.7,0.009,21.3,-0.020,24.3,,0.147,15.6